Rk,Name,Age,Tm,Lg,G,PA,AB,R,H,2B,3B,HR,RBI,SB,CS,BB,SO,BA,OBP,SLG,OPS,OPS+,TB,GDP,HBP,SH,SF,IBB,Pos Summary
1,Fernando Abad*,30,MIN,AL,5,0,,,,,,,,,,,,,,,,,,,,,,,/1
2,Jose Abreu,29,CHW,AL,11,47,38,4,9,1,0,2,5,0,0,5,12,.237,.362,.421,.783,121,16,2,3,0,1,1,*3
3,A.J. Achter,27,LAA,AL,1,0,,,,,,,,,,,,,,,,,,,,,,,/1
4,Dustin Ackley*,28,NYY,AL,3,8,7,0,0,0,0,0,0,0,0,1,0,.000,.125,.000,.125,-60,0,0,0,0,0,0,/34D
5,Cristhian Adames#,24,COL,NL,8,14,13,0,1,0,0,0,0,0,0,1,5,.077,.143,.077,.220,-43,1,0,0,0,0,0,/46
6,Matt Adams*,27,STL,NL,11,17,16,2,4,0,0,1,3,0,0,0,7,.250,.294,.438,.732,93,7,0,1,0,0,0,*/3
7,Ehire Adrianza#,26,SFG,NL,8,12,10,2,3,1,0,1,2,0,0,1,1,.300,.364,.700,1.064,177,7,0,0,1,0,0,/64
8,Nick Ahmed,26,ARI,NL,12,43,40,7,12,2,0,3,7,0,1,2,6,.300,.349,.575,.924,138,23,0,1,0,0,0,*6
9,Matt Albers*,33,CHW,AL,5,0,,,,,,,,,,,,,,,,,,,,,,,/1
10,Hanser Alberto,23,TEX,AL,4,11,11,0,1,0,0,0,0,0,0,0,3,.091,.091,.091,.182,-49,1,0,0,0,0,0,/64
11,Cody Allen,27,CLE,AL,4,0,,,,,,,,,,,,,,,,,,,,,,,/1
12,Yonder Alonso*,29,OAK,AL,12,37,36,1,5,1,0,0,2,0,0,1,8,.139,.162,.167,.329,-5,6,0,0,0,0,0,*3
13,Jose Altuve,26,HOU,AL,12,54,47,12,14,4,0,3,5,6,1,6,7,.298,.389,.574,.963,173,27,2,1,0,0,0,*4
14,Jose Alvarez*,27,LAA,AL,6,0,,,,,,,,,,,,,,,,,,,,,,,/1
15,Pedro Alvarez*,29,BAL,AL,8,31,24,2,4,1,0,0,1,0,0,7,6,.167,.355,.208,.563,66,5,1,0,0,0,1,*/D
16,Alexi Amarista*,27,SDP,NL,6,23,19,1,7,0,0,0,2,2,0,3,3,.368,.455,.368,.823,126,7,0,0,1,0,2,/546
17,Chase Anderson,28,MIL,NL,2,5,5,0,0,0,0,0,0,0,0,0,4,.000,.000,.000,.000,-100,0,0,0,0,0,0,/1
18,Cody Anderson,25,CLE,AL,2,0,,,,,,,,,,,,,,,,,,,,,,,/1
19,Elvis Andrus,27,TEX,AL,11,42,37,6,13,1,0,0,7,0,3,4,4,.351,.405,.378,.783,122,14,2,0,0,1,0,*6
20,Nori Aoki*,34,SEA,AL,11,46,45,3,11,2,0,0,1,0,2,1,6,.244,.261,.289,.550,63,13,2,0,0,0,0,*7/8
21,Elvis Araujo*,24,PHI,NL,1,0,0,0,0,0,0,0,0,0,0,0,0,,,,,,0,0,0,0,0,0,/1
22,Chris Archer,27,TBR,AL,3,0,,,,,,,,,,,,,,,,,,,,,,,/1
23,Oswaldo Arcia*,25,MIN,AL,4,13,12,1,2,0,0,1,2,0,0,1,4,.167,.231,.417,.647,81,5,0,0,0,0,0,/79
24,Nolan Arenado,25,COL,NL,11,49,46,8,12,3,0,4,14,0,0,3,3,.261,.306,.587,.893,117,27,0,0,0,0,0,*5
25,Jake Arrieta,30,CHC,NL,3,7,7,1,1,0,0,1,2,0,0,0,4,.143,.143,.571,.714,80,4,0,0,0,0,0,/1
Rk,Name,Age,Tm,Lg,G,PA,AB,R,H,2B,3B,HR,RBI,SB,CS,BB,SO,BA,OBP,SLG,OPS,OPS+,TB,GDP,HBP,SH,SF,IBB,Pos Summary
26,Alex Avila*,29,CHW,AL,7,24,22,0,3,0,0,0,0,0,0,2,7,.136,.208,.136,.345,1,3,1,0,0,0,0,*/2
27,Mike Aviles,35,DET,AL,3,6,4,1,1,0,0,0,0,0,0,0,0,.250,.400,.250,.650,83,1,0,1,1,0,0,/5
28,John Axford,33,OAK,AL,6,0,,,,,,,,,,,,,,,,,,,,,,,/1
29,Erick Aybar#,32,ATL,NL,10,43,39,3,6,0,0,0,1,1,0,2,6,.154,.190,.154,.344,-4,6,3,0,1,1,0,*6
30,Javier Baez,23,CHC,NL,1,4,4,1,2,1,0,0,0,0,0,0,2,.500,.500,.750,1.250,230,3,0,0,0,0,0,/4
31,Pedro Baez,28,LAD,NL,6,0,0,0,0,0,0,0,0,0,0,0,0,,,,,,0,0,0,0,0,0,/1
32,Johnny Barbato,23,NYY,AL,5,0,,,,,,,,,,,,,,,,,,,,,,,/1
33,Austin Barnes,26,LAD,NL,6,17,15,1,2,0,0,0,1,0,0,2,6,.133,.235,.133,.369,3,2,0,0,0,0,0,/24
34,Brandon Barnes,30,COL,NL,8,14,12,0,4,1,0,0,0,0,2,1,0,.333,.429,.417,.845,114,5,0,1,0,0,0,/87
35,Matt Barnes,26,BOS,AL,4,0,,,,,,,,,,,,,,,,,,,,,,,/1
36,Tony Barnette,32,TEX,AL,5,0,,,,,,,,,,,,,,,,,,,,,,,/1
37,Darwin Barney,30,TOR,AL,5,16,14,2,3,0,0,0,1,2,0,1,2,.214,.313,.214,.527,56,3,1,1,0,0,0,/54
38,Tucker Barnhart#,25,CIN,NL,5,19,16,2,5,0,0,0,1,0,0,3,2,.313,.421,.313,.734,102,5,0,0,0,0,0,/2
39,Jake Barrett,24,ARI,NL,6,0,0,0,0,0,0,0,0,0,0,0,0,,,,,,0,0,0,0,0,0,/1
40,Chris Bassitt,27,OAK,AL,2,0,,,,,,,,,,,,,,,,,,,,,,,/1
41,Antonio Bastardo,30,NYM,NL,4,0,0,0,0,0,0,0,0,0,0,0,0,,,,,,0,0,0,0,0,0,/1
42,Trevor Bauer,25,CLE,AL,4,0,,,,,,,,,,,,,,,,,,,,,,,/1
43,Jose Bautista,35,TOR,AL,12,50,37,8,11,3,1,2,8,0,0,13,12,.297,.480,.595,1.075,208,22,0,0,0,0,0,*9
44,Gordon Beckham,29,ATL,NL,10,28,25,3,7,2,0,0,3,0,0,3,4,.280,.357,.360,.717,97,9,0,0,0,0,0,*/45
45,Tim Beckham,26,TBR,AL,3,11,10,1,2,0,0,0,1,1,0,1,3,.200,.273,.200,.473,40,2,0,0,0,0,0,/46
46,Cam Bedrosian,24,LAA,AL,2,0,,,,,,,,,,,,,,,,,,,,,,,/1
47,Matt Belisle,36,WSN,NL,3,0,0,0,0,0,0,0,0,0,0,0,0,,,,,,0,0,0,0,0,0,/1
48,Brandon Belt*,28,SFG,NL,12,50,43,6,13,3,0,3,8,0,2,7,8,.302,.400,.581,.981,160,25,1,0,0,0,2,*3
49,Carlos Beltran#,39,NYY,AL,10,38,37,6,13,2,0,3,7,0,0,1,7,.351,.368,.649,1.017,182,24,0,0,0,0,0,*/9
50,Adrian Beltre,37,TEX,AL,13,54,48,5,14,5,0,2,11,0,0,5,3,.292,.352,.521,.873,140,25,2,0,0,1,2,*5
Rk,Name,Age,Tm,Lg,G,PA,AB,R,H,2B,3B,HR,RBI,SB,CS,BB,SO,BA,OBP,SLG,OPS,OPS+,TB,GDP,HBP,SH,SF,IBB,Pos Summary
51,Joaquin Benoit,38,SEA,AL,3,0,,,,,,,,,,,,,,,,,,,,,,,/1
52,Christian Bergman,28,COL,NL,3,1,1,0,0,0,0,0,0,0,0,0,0,.000,.000,.000,.000,-100,0,0,0,0,0,0,/1
53,Dellin Betances,28,NYY,AL,5,0,,,,,,,,,,,,,,,,,,,,,,,/1
54,Christian Bethancourt,24,SDP,NL,4,9,9,0,2,0,0,0,1,0,0,0,1,.222,.222,.222,.444,21,2,0,0,0,0,0,/2
55,Chad Bettis,27,COL,NL,3,6,6,0,1,0,0,0,0,0,0,0,0,.167,.167,.167,.333,-16,1,0,0,0,0,0,/1
56,Mookie Betts,23,BOS,AL,10,47,46,6,11,2,0,2,8,2,0,1,12,.239,.255,.413,.668,88,19,2,0,0,0,0,*9
57,Joe Biagini,26,TOR,AL,3,0,,,,,,,,,,,,,,,,,,,,,,,/1
58,Charlie Blackmon*,29,COL,NL,8,29,27,6,5,2,1,0,3,1,0,2,2,.185,.241,.333,.575,42,9,1,0,0,0,0,*/8
59,Andres Blanco#,32,PHI,NL,6,14,12,1,3,2,0,0,1,0,0,1,3,.250,.357,.417,.774,108,5,0,1,0,0,0,/3456
60,Gregor Blanco*,32,SFG,NL,8,13,13,2,2,0,0,0,0,0,0,0,3,.154,.154,.154,.308,-17,2,0,0,0,0,0,/87
61,Joe Blanton,35,LAD,NL,4,0,0,0,0,0,0,0,0,0,0,0,0,,,,,,0,0,0,0,0,0,/1
62,Jabari Blash,26,SDP,NL,10,14,12,2,2,1,0,0,0,0,0,2,6,.167,.286,.250,.536,47,3,1,0,0,0,0,/97
63,Michael Blazek,27,MIL,NL,6,0,0,0,0,0,0,0,0,0,0,0,0,,,,,,0,0,0,0,0,0,/1
64,Jerry Blevins*,32,NYM,NL,5,0,0,0,0,0,0,0,0,0,0,0,0,,,,,,0,0,0,0,0,0,/1
65,Xander Bogaerts,23,BOS,AL,10,45,42,9,11,4,0,1,7,2,0,3,9,.262,.311,.429,.740,110,18,2,0,0,0,0,*6
66,Justin Bour*,28,MIA,NL,8,32,27,4,9,3,0,1,4,0,0,5,7,.333,.438,.556,.993,164,15,1,0,0,0,2,*/3
67,Peter Bourjos,29,PHI,NL,11,35,33,3,5,4,0,0,1,0,0,1,10,.152,.176,.273,.449,19,9,2,0,1,0,0,*9/8
68,Matthew Bowman,25,STL,NL,3,0,0,0,0,0,0,0,0,0,0,0,0,,,,,,0,0,0,0,0,0,/1
69,Blaine Boyer,34,MIL,NL,3,0,0,0,0,0,0,0,0,0,0,0,0,,,,,,0,0,0,0,0,0,/1
70,Brad Brach,30,BAL,AL,7,0,,,,,,,,,,,,,,,,,,,,,,,*/1
71,Silvino Bracho,23,ARI,NL,1,0,0,0,0,0,0,0,0,0,0,0,0,,,,,,0,0,0,0,0,0,/1
72,Jackie Bradley*,26,BOS,AL,9,33,31,4,9,1,1,0,4,1,0,1,7,.290,.303,.387,.690,97,12,1,0,0,1,0,*/8
73,Ryan Braun,32,MIL,NL,11,44,41,5,11,1,0,3,7,0,1,3,8,.268,.318,.512,.830,118,21,1,0,0,0,1,*7
74,Craig Breslow*,35,MIA,NL,6,0,0,0,0,0,0,0,0,0,0,0,0,,,,,,0,0,0,0,0,0,/1
75,Socrates Brito*,23,ARI,NL,9,30,30,3,7,0,1,1,2,1,0,0,8,.233,.233,.400,.633,63,12,1,0,0,0,0,*/87
Rk,Name,Age,Tm,Lg,G,PA,AB,R,H,2B,3B,HR,RBI,SB,CS,BB,SO,BA,OBP,SLG,OPS,OPS+,TB,GDP,HBP,SH,SF,IBB,Pos Summary
76,Zach Britton*,28,BAL,AL,5,0,,,,,,,,,,,,,,,,,,,,,,,/1
77,Trevor Brown,24,SFG,NL,5,13,13,5,5,1,0,3,7,0,0,0,3,.385,.385,1.154,1.538,292,15,0,0,0,0,0,/2
78,Jonathan Broxton,32,STL,NL,5,0,0,0,0,0,0,0,0,0,0,0,0,,,,,,0,0,0,0,0,0,/1
79,Keon Broxton,26,MIL,NL,6,18,16,2,0,0,0,0,0,2,0,2,11,.000,.111,.000,.111,-67,0,0,0,0,0,0,/8
80,Jay Bruce*,29,CIN,NL,11,45,42,5,13,1,1,3,12,0,0,1,9,.310,.333,.595,.929,143,25,2,1,0,1,0,*9
81,Kris Bryant,24,CHC,NL,11,50,44,8,11,3,0,2,5,0,2,6,10,.250,.340,.455,.795,111,20,0,0,0,0,0,*5/79
82,Clay Buchholz*,31,BOS,AL,2,0,,,,,,,,,,,,,,,,,,,,,,,/1
83,Ryan Buchter*,29,SDP,NL,7,0,0,0,0,0,0,0,0,0,0,0,0,,,,,,0,0,0,0,0,0,*/1
84,Madison Bumgarner,26,SFG,NL,3,7,6,3,2,0,0,1,1,0,0,1,2,.333,.429,.833,1.262,229,5,0,0,0,0,0,/1
85,Dylan Bundy#,23,BAL,AL,3,0,,,,,,,,,,,,,,,,,,,,,,,/1
86,Billy Burns#,26,OAK,AL,8,31,28,4,8,0,0,0,0,3,0,2,0,.286,.333,.286,.619,80,8,0,0,1,0,0,*/8
87,Emmanuel Burriss#,31,PHI,NL,8,12,10,1,1,0,1,0,0,1,0,1,3,.100,.250,.300,.550,47,3,0,1,0,0,0,/347
88,Matt Buschmann,32,ARI,NL,3,1,1,0,0,0,0,0,0,0,0,0,0,.000,.000,.000,.000,-100,0,0,0,0,0,0,/1
89,Drew Butera,32,KCR,AL,2,4,3,0,1,0,0,0,0,0,0,1,0,.333,.500,.333,.833,144,1,0,0,0,0,0,/2
90,Billy Butler,30,OAK,AL,6,19,18,0,3,2,0,0,0,0,0,1,3,.167,.211,.278,.488,38,5,2,0,0,0,0,/D
91,Byron Buxton,22,MIN,AL,11,26,24,1,4,2,0,0,1,1,0,0,13,.167,.200,.250,.450,28,6,0,1,1,0,0,*8
92,Marlon Byrd,38,CLE,AL,7,27,24,1,6,1,0,1,4,0,0,2,8,.250,.296,.417,.713,100,10,0,0,0,1,0,*/97
93,Asdrubal Cabrera#,30,NYM,NL,10,37,34,1,10,2,0,0,1,0,0,2,6,.294,.351,.353,.704,96,12,0,1,0,0,0,*6
94,Melky Cabrera#,31,CHW,AL,11,45,42,3,14,1,0,0,3,0,0,3,3,.333,.378,.357,.735,111,15,1,0,0,0,0,*7/D
95,Miguel Cabrera,33,DET,AL,10,45,38,7,11,2,0,1,4,0,0,7,8,.289,.400,.421,.821,124,16,2,0,0,0,2,*3
96,Trevor Cahill,28,CHC,NL,5,0,0,0,0,0,0,0,0,0,0,0,0,,,,,,0,0,0,0,0,0,/1
97,Lorenzo Cain,30,KCR,AL,11,47,41,8,10,0,0,2,6,1,0,6,15,.244,.340,.390,.731,107,16,0,0,0,0,0,*8
98,Matt Cain,31,SFG,NL,2,3,3,0,0,0,0,0,0,0,0,0,3,.000,.000,.000,.000,-100,0,0,0,0,0,0,/1
99,Kole Calhoun*,28,LAA,AL,11,42,38,4,14,2,0,1,5,0,1,4,9,.368,.429,.500,.929,173,19,0,0,0,0,0,*9
100,Arquimedes Caminero,29,PIT,NL,6,0,0,0,0,0,0,0,0,0,0,0,0,,,,,,0,0,0,0,0,0,/1
Rk,Name,Age,Tm,Lg,G,PA,AB,R,H,2B,3B,HR,RBI,SB,CS,BB,SO,BA,OBP,SLG,OPS,OPS+,TB,GDP,HBP,SH,SF,IBB,Pos Summary
101,Eric Campbell,29,NYM,NL,3,3,3,0,0,0,0,0,0,0,0,0,2,.000,.000,.000,.000,-100,0,0,0,0,0,0,/3
102,Mark Canha,27,OAK,AL,4,12,12,1,1,0,0,1,1,0,0,0,7,.083,.083,.333,.417,11,4,0,0,0,0,0,/379
103,Robinson Cano*,33,SEA,AL,11,49,45,7,10,1,0,5,10,0,0,4,7,.222,.286,.578,.863,147,26,0,0,0,0,0,*4
104,Chris Capuano*,37,MIL,NL,5,0,0,0,0,0,0,0,0,0,0,0,0,,,,,,0,0,0,0,0,0,/1
105,Matt Carpenter*,30,STL,NL,11,53,41,8,10,3,1,1,10,0,0,8,10,.244,.404,.439,.843,126,18,1,3,1,0,0,*5/3
106,Carlos Carrasco,29,CLE,AL,2,0,,,,,,,,,,,,,,,,,,,,,,,/1
107,Ezequiel Carrera*,29,TOR,AL,4,10,10,1,2,0,0,0,0,0,0,0,2,.200,.200,.200,.400,16,2,0,0,0,0,0,/7
108,Chris Carter,29,MIL,NL,10,40,34,4,9,4,0,3,7,0,0,5,12,.265,.350,.647,.997,159,22,2,0,0,1,0,*3
109,Curt Casali,27,TBR,AL,7,18,17,0,3,1,0,0,1,0,0,1,7,.176,.222,.235,.458,33,4,0,0,0,0,0,*/2
110,Andrew Cashner,29,SDP,NL,3,5,4,0,0,0,0,0,0,0,0,1,2,.000,.200,.000,.200,-39,0,0,0,0,0,0,/1
111,Santiago Casilla,35,SFG,NL,5,0,0,0,0,0,0,0,0,0,0,0,0,,,,,,0,0,0,0,0,0,/1
112,Nick Castellanos,24,DET,AL,10,39,38,7,14,3,0,2,8,0,0,0,11,.368,.359,.605,.964,155,23,0,0,0,1,0,*/5
113,Rusney Castillo,28,BOS,AL,1,4,4,1,2,1,0,0,0,0,0,0,0,.500,.500,.750,1.250,253,3,0,0,0,0,0,/8
114,Welington Castillo,29,ARI,NL,9,40,36,2,7,1,0,1,1,0,0,4,10,.194,.275,.306,.581,53,11,0,0,0,0,1,*/2
115,Daniel Castro,23,ATL,NL,3,6,6,2,2,0,0,0,0,0,0,0,0,.333,.333,.333,.667,84,2,1,0,0,0,0,/456
116,Jason Castro*,29,HOU,AL,11,33,30,1,5,0,2,0,1,1,0,3,14,.167,.242,.300,.542,56,9,1,0,0,0,0,*2
117,Miguel Castro,21,COL,NL,5,0,0,0,0,0,0,0,0,0,0,0,0,,,,,,0,0,0,0,0,0,/1
118,Starlin Castro,26,NYY,AL,10,41,38,3,13,2,0,2,9,2,0,3,6,.342,.390,.553,.943,165,21,2,0,0,0,0,*4
119,Brett Cecil,29,TOR,AL,6,0,,,,,,,,,,,,,,,,,,,,,,,/1
120,Xavier Cedeno*,29,TBR,AL,4,0,,,,,,,,,,,,,,,,,,,,,,,/1
121,Francisco Cervelli,30,PIT,NL,10,43,34,6,12,1,1,0,6,0,2,8,6,.353,.465,.441,.906,147,15,0,0,0,1,0,*2
122,Hunter Cervenka*,26,ATL,NL,3,0,0,0,0,0,0,0,0,0,0,0,0,,,,,,0,0,0,0,0,0,/1
123,Yoenis Cespedes,30,NYM,NL,10,43,39,7,11,1,0,3,8,0,0,3,14,.282,.349,.538,.887,140,21,0,1,0,0,0,*/87D
124,Luis Cessa,24,NYY,AL,1,0,,,,,,,,,,,,,,,,,,,,,,,/1
125,Jhoulys Chacin,28,ATL,NL,1,2,2,0,0,0,0,0,0,0,0,0,0,.000,.000,.000,.000,-100,0,0,0,0,0,0,/1
Rk,Name,Age,Tm,Lg,G,PA,AB,R,H,2B,3B,HR,RBI,SB,CS,BB,SO,BA,OBP,SLG,OPS,OPS+,TB,GDP,HBP,SH,SF,IBB,Pos Summary
126,Andrew Chafin,26,ARI,NL,6,0,0,0,0,0,0,0,0,0,0,0,0,,,,,,0,0,0,0,0,0,/1
127,Joba Chamberlain,30,CLE,AL,3,0,,,,,,,,,,,,,,,,,,,,,,,/1
128,Tyler Chatwood,26,COL,NL,2,4,4,0,0,0,0,0,0,0,0,0,1,.000,.000,.000,.000,-100,0,0,0,0,0,0,/1
129,Jesse Chavez,32,TOR,AL,5,0,,,,,,,,,,,,,,,,,,,,,,,/1
130,Wei-Yin Chen*,30,MIA,NL,2,4,3,0,0,0,0,0,0,0,0,0,1,.000,.000,.000,.000,-100,0,0,0,1,0,0,/1
131,Robinson Chirinos,32,TEX,AL,5,16,15,1,4,2,0,1,2,0,0,0,5,.267,.313,.600,.913,147,9,0,1,0,0,0,/2
132,Ji-Man Choi#,25,LAA,AL,6,8,6,0,0,0,0,0,0,0,0,2,1,.000,.250,.000,.250,-17,0,0,0,0,0,0,/D73
133,Shin-Soo Choo*,33,TEX,AL,5,22,16,2,3,0,0,0,1,1,0,4,4,.188,.409,.188,.597,76,3,0,2,0,0,0,/9
134,Tony Cingrani*,26,CIN,NL,6,0,0,0,0,0,0,0,0,0,0,0,0,,,,,,0,0,0,0,0,0,/1
135,Steve Cishek,30,SEA,AL,5,0,,,,,,,,,,,,,,,,,,,,,,,/1
136,Alex Claudio*,24,TEX,AL,2,0,,,,,,,,,,,,,,,,,,,,,,,/1
137,Steve Clevenger*,30,SEA,AL,2,7,7,0,0,0,0,0,0,0,0,0,1,.000,.000,.000,.000,-100,0,0,0,0,0,0,/2
138,Tyler Clippard,31,ARI,NL,5,0,0,0,0,0,0,0,0,0,0,0,0,,,,,,0,0,0,0,0,0,/1
139,Chris Coghlan*,31,OAK,AL,9,29,29,1,4,0,0,1,3,0,0,0,9,.138,.138,.241,.379,6,7,0,0,0,0,0,/4D759
140,Chris Colabello,32,TOR,AL,7,23,22,0,1,0,0,0,0,0,0,1,7,.045,.087,.045,.132,-60,1,1,0,0,0,0,/37
141,Gerrit Cole,25,PIT,NL,2,4,4,0,1,0,0,0,0,0,0,0,2,.250,.250,.250,.500,36,1,0,0,0,0,0,/1
142,Louis Coleman,30,LAD,NL,4,0,0,0,0,0,0,0,0,0,0,0,0,,,,,,0,0,0,0,0,0,/1
143,Tyler Collins*,26,DET,AL,3,8,8,0,2,1,0,0,1,0,0,0,1,.250,.250,.375,.625,67,3,0,0,0,0,0,/8
144,Alex Colome,27,TBR,AL,3,0,,,,,,,,,,,,,,,,,,,,,,,/1
145,Bartolo Colon,43,NYM,NL,3,2,2,0,0,0,0,0,0,0,0,0,0,.000,.000,.000,.000,-100,0,0,0,0,0,0,/1
146,Christian Colon,27,KCR,AL,3,8,7,0,1,0,0,0,0,0,0,1,2,.143,.250,.143,.393,16,1,1,0,0,0,0,/54
147,Michael Conforto*,23,NYM,NL,9,35,29,3,8,3,0,1,4,0,1,5,6,.276,.400,.483,.883,143,14,1,1,0,0,0,*/7D
148,Hank Conger#,28,TBR,AL,8,17,16,0,3,0,0,0,0,0,0,1,5,.188,.235,.188,.423,25,3,1,0,0,0,0,*/2
149,Adam Conley*,26,MIA,NL,2,3,3,0,0,0,0,0,0,0,0,0,3,.000,.000,.000,.000,-100,0,0,0,0,0,0,/1
150,Patrick Corbin*,26,ARI,NL,2,4,4,1,1,0,0,0,0,0,0,0,0,.250,.250,.250,.500,33,1,0,0,0,0,0,/1
Rk,Name,Age,Tm,Lg,G,PA,AB,R,H,2B,3B,HR,RBI,SB,CS,BB,SO,BA,OBP,SLG,OPS,OPS+,TB,GDP,HBP,SH,SF,IBB,Pos Summary
151,Carlos Correa,21,HOU,AL,12,50,45,6,12,2,0,3,7,2,1,5,9,.267,.340,.511,.851,141,23,2,0,0,0,0,*6
152,Jarred Cosart,26,MIA,NL,1,3,2,0,0,0,0,0,0,0,0,0,0,.000,.000,.000,.000,-100,0,0,0,1,0,0,/1
153,Caleb Cotham,28,CIN,NL,6,0,0,0,0,0,0,0,0,0,0,0,0,,,,,,0,0,0,0,0,0,/1
154,Collin Cowgill,30,CLE,AL,8,10,9,0,1,0,0,0,0,0,0,1,6,.111,.200,.111,.311,-8,1,0,0,0,0,0,*/9
155,Zack Cozart,30,CIN,NL,7,28,25,5,12,4,0,0,3,0,0,1,0,.480,.464,.640,1.104,193,16,1,0,0,2,0,*/6
156,Tyler Cravy,26,MIL,NL,2,0,0,0,0,0,0,0,0,0,0,0,0,,,,,,0,0,0,0,0,0,/1
157,Brandon Crawford*,29,SFG,NL,11,41,36,5,9,2,0,2,3,0,0,5,7,.250,.341,.472,.814,116,17,1,0,0,0,1,*6
158,Carl Crawford*,34,LAD,NL,5,11,11,2,3,1,0,0,2,0,0,0,3,.273,.273,.364,.636,70,4,0,0,0,0,0,/7
159,Coco Crisp#,36,OAK,AL,10,35,33,3,6,1,1,1,1,3,0,2,7,.182,.229,.364,.592,66,12,0,0,0,0,0,*/87D
160,C.J. Cron,26,LAA,AL,11,40,36,2,4,1,0,0,0,0,0,3,6,.111,.200,.139,.339,3,5,1,1,0,0,0,*/3D
161,Nelson Cruz,35,SEA,AL,11,49,43,6,12,6,0,2,5,0,0,5,4,.279,.367,.558,.925,169,24,1,1,0,0,0,*/9D
162,Johnny Cueto,30,SFG,NL,3,10,10,0,1,0,0,0,0,0,0,0,3,.100,.100,.100,.200,-46,1,0,0,0,0,0,/1
163,Charlie Culberson,27,LAD,NL,7,13,13,1,4,2,0,0,4,0,0,0,3,.308,.308,.462,.769,104,6,1,0,0,0,0,/5647
164,Travis d'Arnaud,27,NYM,NL,8,30,25,0,3,1,0,0,1,0,0,4,6,.120,.267,.160,.427,22,4,0,1,0,0,0,*/2
165,John Danks*,31,CHW,AL,2,0,,,,,,,,,,,,,,,,,,,,,,,/1
166,Chris Davis*,30,BAL,AL,11,50,40,13,9,0,0,5,10,0,0,10,16,.225,.380,.600,.980,172,24,0,0,0,0,0,*3
167,Khris Davis,28,OAK,AL,11,40,37,1,6,1,0,0,1,0,0,2,15,.162,.225,.189,.414,21,7,1,1,0,0,0,*/7D
168,Rajai Davis,35,CLE,AL,9,39,36,5,8,1,1,1,2,5,1,3,13,.222,.282,.389,.671,89,14,0,0,0,0,0,*/879
169,Wade Davis,30,KCR,AL,6,0,,,,,,,,,,,,,,,,,,,,,,,/1
170,Alejandro De Aza*,32,NYM,NL,10,16,15,1,3,1,0,1,1,1,0,1,3,.200,.250,.467,.717,92,7,0,0,0,0,0,/78
171,Ivan De Jesus,29,CIN,NL,6,17,14,1,0,0,0,0,1,1,0,3,5,.000,.176,.000,.176,-47,0,0,0,0,0,0,/64
172,Jorge De La Rosa*,35,COL,NL,3,6,6,2,3,0,0,0,2,0,0,0,2,.500,.500,.500,1.000,152,3,0,0,0,0,0,/1
173,Rubby De La Rosa,27,ARI,NL,4,3,3,0,0,0,0,0,0,0,0,0,1,.000,.000,.000,.000,-100,0,1,0,0,0,0,/1
174,Jacob deGrom*,28,NYM,NL,1,2,2,0,0,0,0,0,1,0,0,0,0,.000,.000,.000,.000,-100,0,0,0,0,0,0,/1
175,Randall Delgado,26,ARI,NL,7,0,0,0,0,0,0,0,0,0,0,0,0,,,,,,0,0,0,0,0,0,*/1
Rk,Name,Age,Tm,Lg,G,PA,AB,R,H,2B,3B,HR,RBI,SB,CS,BB,SO,BA,OBP,SLG,OPS,OPS+,TB,GDP,HBP,SH,SF,IBB,Pos Summary
176,Matt den Dekker*,28,WSN,NL,6,8,7,0,1,1,0,0,2,0,0,1,3,.143,.250,.286,.536,41,2,0,0,0,0,0,/89
177,Delino DeShields,23,TEX,AL,12,50,43,11,14,3,0,1,3,2,2,6,16,.326,.420,.465,.885,148,20,0,1,0,0,0,*8/D
178,Ian Desmond,30,TEX,AL,12,50,46,7,5,0,0,0,1,1,0,4,15,.109,.180,.109,.289,-16,5,0,0,0,0,0,*7/8
179,Ross Detwiler,30,CLE,AL,3,0,,,,,,,,,,,,,,,,,,,,,,,/1
180,Chris Devenski,25,HOU,AL,3,0,0,0,0,0,0,0,0,0,0,0,0,,,,,,0,0,0,0,0,0,/1
181,Aledmys Diaz,25,STL,NL,9,33,32,10,13,5,1,2,8,0,0,1,2,.406,.424,.813,1.237,221,26,0,0,0,0,1,*/6
182,Jumbo Diaz,32,CIN,NL,7,0,0,0,0,0,0,0,0,0,0,0,0,,,,,,0,0,0,0,0,0,*/1
183,Corey Dickerson*,27,TBR,AL,11,39,36,4,8,2,0,3,3,0,0,2,8,.222,.263,.528,.791,121,19,0,0,0,0,0,*/D79
184,R.A. Dickey,41,TOR,AL,3,0,,,,,,,,,,,,,,,,,,,,,,,/1
185,Jake Diekman*,29,TEX,AL,6,0,,,,,,,,,,,,,,,,,,,,,,,/1
186,Derek Dietrich*,26,MIA,NL,7,9,8,1,4,2,0,0,3,0,0,1,3,.500,.556,.750,1.306,246,6,0,0,0,0,0,/5
187,Josh Donaldson,30,TOR,AL,12,51,48,12,15,3,1,5,12,1,0,3,16,.313,.353,.729,1.082,201,35,1,0,0,0,0,*/5D
188,Sean Doolittle*,29,OAK,AL,7,0,0,0,0,0,0,0,0,0,0,0,0,,,,,,0,0,0,0,0,0,*/1
189,Brian Dozier,29,MIN,AL,10,43,36,2,6,1,0,1,2,2,0,5,9,.167,.286,.278,.563,63,10,0,1,1,0,0,*4
190,Kyle Drabek,28,ARI,NL,1,0,0,0,0,0,0,0,0,0,0,0,0,,,,,,0,0,0,0,0,0,/1
191,Stephen Drew*,33,WSN,NL,6,8,8,2,3,0,0,1,1,0,0,0,2,.375,.375,.750,1.125,188,6,0,0,0,0,0,/456
192,Brandon Drury,23,ARI,NL,9,27,25,0,5,2,0,0,2,0,1,0,7,.200,.222,.280,.502,31,7,0,1,0,1,0,/795
193,Lucas Duda*,30,NYM,NL,10,37,35,4,7,1,0,0,3,0,0,2,9,.200,.243,.229,.472,32,8,0,0,0,0,0,*3
194,Danny Duffy*,27,KCR,AL,5,0,,,,,,,,,,,,,,,,,,,,,,,/1
195,Matt Duffy,27,HOU,AL,3,3,3,0,0,0,0,0,0,0,0,0,2,.000,.000,.000,.000,-100,0,0,0,0,0,0,/5
196,Matt Duffy,25,SFG,NL,12,50,48,4,9,2,0,2,8,0,0,1,7,.188,.220,.354,.574,51,17,3,1,0,0,0,*5
197,Zach Duke*,33,CHW,AL,7,0,,,,,,,,,,,,,,,,,,,,,,,*/1
198,Ryan Dull,26,OAK,AL,7,0,0,0,0,0,0,0,0,0,0,0,0,,,,,,0,0,0,0,0,0,*/1
199,Adam Duvall,27,CIN,NL,8,28,24,2,7,4,0,0,1,0,0,4,8,.292,.393,.458,.851,128,11,0,0,0,0,0,*/7
200,Sam Dyson,28,TEX,AL,6,0,,,,,,,,,,,,,,,,,,,,,,,/1
Rk,Name,Age,Tm,Lg,G,PA,AB,R,H,2B,3B,HR,RBI,SB,CS,BB,SO,BA,OBP,SLG,OPS,OPS+,TB,GDP,HBP,SH,SF,IBB,Pos Summary
201,Adam Eaton*,27,CHW,AL,10,44,41,4,15,2,1,0,1,0,1,2,8,.366,.409,.463,.873,147,19,0,1,0,0,0,*9/8
202,Jerad Eickhoff,25,PHI,NL,2,4,4,1,1,1,0,0,0,0,0,0,1,.250,.250,.500,.750,95,2,0,0,0,0,0,/1
203,A.J. Ellis,35,LAD,NL,8,28,23,5,4,1,0,0,5,0,0,4,6,.174,.296,.217,.514,42,5,0,0,1,0,0,*/2
204,Jacoby Ellsbury*,32,NYY,AL,10,47,43,3,9,2,1,0,5,3,1,3,9,.209,.261,.302,.563,60,13,0,0,0,0,0,*8
205,Edwin Encarnacion,33,TOR,AL,12,50,46,5,14,2,0,2,8,0,0,3,12,.304,.340,.478,.818,133,22,1,0,0,1,0,*/D3
206,Nathan Eovaldi,26,NYY,AL,2,0,,,,,,,,,,,,,,,,,,,,,,,/1
207,Robbie Erlin,25,SDP,NL,2,4,4,0,0,0,0,0,0,0,0,0,3,.000,.000,.000,.000,-100,0,0,0,0,0,0,/1
208,Alcides Escobar,29,KCR,AL,11,52,51,3,13,0,2,0,2,3,0,1,6,.255,.269,.333,.603,70,17,0,0,0,0,0,*6
209,Eduardo Escobar#,27,MIN,AL,10,40,38,2,11,4,0,0,2,0,1,2,13,.289,.325,.395,.720,106,15,0,0,0,0,1,*6
210,Yunel Escobar,33,LAA,AL,11,51,45,6,16,6,0,1,5,0,1,6,2,.356,.431,.556,.987,189,25,1,0,0,0,0,*5
211,Danny Espinosa#,29,WSN,NL,10,38,31,2,5,1,0,0,3,0,0,6,9,.161,.289,.194,.483,32,6,1,0,0,1,2,*6
212,Marco Estrada,32,TOR,AL,2,0,,,,,,,,,,,,,,,,,,,,,,,/1
213,Dana Eveland*,32,TBR,AL,3,0,,,,,,,,,,,,,,,,,,,,,,,/1
214,Jeurys Familia,26,NYM,NL,6,0,0,0,0,0,0,0,0,0,0,0,0,,,,,,0,0,0,0,0,0,/1
215,Buck Farmer*,25,DET,AL,3,0,,,,,,,,,,,,,,,,,,,,,,,/1
216,Danny Farquhar,29,TBR,AL,4,0,,,,,,,,,,,,,,,,,,,,,,,/1
217,Andrew Faulkner,23,TEX,AL,5,0,,,,,,,,,,,,,,,,,,,,,,,/1
218,Scott Feldman*,33,HOU,AL,2,1,1,0,0,0,0,0,0,0,0,0,1,.000,.000,.000,.000,-100,0,0,0,0,0,0,/1
219,Michael Feliz,23,HOU,AL,1,0,,,,,,,,,,,,,,,,,,,,,,,/1
220,Neftali Feliz,28,PIT,NL,7,0,0,0,0,0,0,0,0,0,0,0,0,,,,,,0,0,0,0,0,0,*/1
221,Jose Fernandez,23,MIA,NL,2,4,2,0,1,0,0,0,0,0,0,1,1,.500,.667,.500,1.167,220,1,0,0,1,0,0,/1
222,Prince Fielder*,32,TEX,AL,13,57,48,2,8,0,0,1,11,0,0,6,15,.167,.246,.229,.475,34,11,3,0,0,3,0,*D
223,Josh Fields,30,HOU,AL,6,0,0,0,0,0,0,0,0,0,0,0,0,,,,,,0,0,0,0,0,0,/1
224,Casey Fien,32,MIN,AL,4,0,,,,,,,,,,,,,,,,,,,,,,,/1
225,Mike Fiers,31,HOU,AL,2,0,,,,,,,,,,,,,,,,,,,,,,,/1
Rk,Name,Age,Tm,Lg,G,PA,AB,R,H,2B,3B,HR,RBI,SB,CS,BB,SO,BA,OBP,SLG,OPS,OPS+,TB,GDP,HBP,SH,SF,IBB,Pos Summary
226,Cole Figueroa*,29,PIT,NL,5,5,5,0,0,0,0,0,0,0,0,0,0,.000,.000,.000,.000,-100,0,0,0,0,0,0,
227,Brandon Finnegan*,23,CIN,NL,3,7,7,1,4,1,0,0,1,0,0,0,1,.571,.571,.714,1.286,243,5,0,0,0,0,0,/1
228,Doug Fister*,32,HOU,AL,2,2,1,0,0,0,0,0,0,0,0,0,0,.000,.000,.000,.000,-100,0,0,0,1,0,0,/1
229,Ryan Flaherty*,29,BAL,AL,3,8,7,0,1,0,0,0,0,1,0,1,4,.143,.250,.143,.393,16,1,0,0,0,0,1,/75
230,Ramon Flores*,24,MIL,NL,8,19,18,0,3,0,0,0,1,0,0,1,5,.167,.211,.167,.377,3,3,1,0,0,0,0,/8
231,Wilmer Flores,24,NYM,NL,5,12,10,1,1,0,0,0,0,0,0,2,2,.100,.250,.100,.350,2,1,0,0,0,0,0,/3456
232,Tyler Flowers,30,ATL,NL,4,16,13,1,3,0,0,0,1,0,0,3,7,.231,.375,.231,.606,71,3,0,0,0,0,0,/2
233,Gavin Floyd,33,TOR,AL,4,0,,,,,,,,,,,,,,,,,,,,,,,/1
234,Logan Forsythe,29,TBR,AL,10,40,37,4,8,1,0,2,4,0,1,3,10,.216,.275,.405,.680,94,15,0,0,0,0,0,*4
235,Dexter Fowler#,30,CHC,NL,11,47,36,9,15,3,1,2,9,1,0,9,10,.417,.553,.722,1.275,240,26,0,2,0,0,0,*8
236,Maikel Franco,23,PHI,NL,11,45,41,3,12,2,0,2,5,0,0,3,8,.293,.356,.488,.843,124,20,1,1,0,0,0,*5
237,Jeff Francoeur,32,ATL,NL,7,12,11,1,1,0,0,0,0,0,0,1,5,.091,.167,.091,.258,-27,1,2,0,0,0,0,/7
238,Todd Frazier,30,CHW,AL,11,47,45,4,8,2,0,2,6,1,0,2,10,.178,.213,.356,.568,57,16,0,0,0,0,0,*5
239,Freddie Freeman*,26,ATL,NL,10,41,32,4,4,1,0,1,3,0,0,7,9,.125,.317,.250,.567,58,8,0,2,0,0,3,*3
240,Sam Freeman,29,MIL,NL,4,0,0,0,0,0,0,0,0,0,0,0,0,,,,,,0,0,0,0,0,0,/1
241,David Freese,33,PIT,NL,12,50,46,6,14,2,0,0,1,0,0,3,13,.304,.360,.348,.708,93,16,5,1,0,0,0,*5
242,Eric Fryer,30,STL,NL,3,3,3,2,3,0,0,0,1,0,0,0,0,1.000,1.000,1.000,2.000,439,3,0,0,0,0,0,/2
243,Reymond Fuentes*,25,KCR,AL,5,18,17,0,5,0,0,0,3,0,1,1,4,.294,.333,.294,.627,81,5,0,0,0,0,0,/9
244,Yovani Gallardo,30,BAL,AL,3,0,,,,,,,,,,,,,,,,,,,,,,,/1
245,Freddy Galvis#,26,PHI,NL,12,43,40,2,9,1,0,1,3,0,0,2,5,.225,.256,.325,.581,55,13,1,0,0,1,0,*6
246,John Gant,23,ATL,NL,3,0,0,0,0,0,0,0,0,0,0,0,0,,,,,,0,0,0,0,0,0,/1
247,Adonis Garcia,31,ATL,NL,11,44,38,3,12,1,0,1,5,0,0,5,9,.316,.409,.421,.830,128,16,1,1,0,0,2,*5
248,Avisail Garcia,25,CHW,AL,10,39,35,5,6,1,0,2,4,0,0,4,10,.171,.256,.371,.628,75,13,0,0,0,0,0,*/D9
249,Greg Garcia*,26,STL,NL,7,11,7,5,4,1,0,1,2,0,0,4,2,.571,.727,1.143,1.870,391,8,0,0,0,0,1,/56
250,Jaime Garcia*,29,STL,NL,2,6,5,1,3,0,0,0,1,0,0,0,2,.600,.600,.600,1.200,223,3,0,0,1,0,0,/1
Rk,Name,Age,Tm,Lg,G,PA,AB,R,H,2B,3B,HR,RBI,SB,CS,BB,SO,BA,OBP,SLG,OPS,OPS+,TB,GDP,HBP,SH,SF,IBB,Pos Summary
251,Yimi Garcia,25,LAD,NL,6,0,0,0,0,0,0,0,0,0,0,0,0,,,,,,0,0,0,0,0,0,/1
252,Brett Gardner*,32,NYY,AL,9,39,31,4,8,0,0,1,1,1,1,7,5,.258,.410,.355,.765,121,11,0,1,0,0,0,*/7
253,Dustin Garneau,28,COL,NL,1,3,3,0,1,1,0,0,0,0,0,0,0,.333,.333,.667,1.000,142,2,1,0,0,0,0,/2
254,Evan Gattis,29,HOU,AL,3,8,8,1,1,0,0,0,0,0,0,0,5,.125,.125,.125,.250,-27,1,0,0,0,0,0,/D
255,Cory Gearrin,30,SFG,NL,5,0,0,0,0,0,0,0,0,0,0,0,0,,,,,,0,0,0,0,0,0,/1
256,Dillon Gee,30,KCR,AL,2,0,,,,,,,,,,,,,,,,,,,,,,,/1
257,Steve Geltz,28,TBR,AL,4,0,,,,,,,,,,,,,,,,,,,,,,,/1
258,Scooter Gennett*,26,MIL,NL,11,43,34,6,9,0,0,3,3,0,0,9,9,.265,.419,.529,.948,152,18,2,0,0,0,1,*4
259,Craig Gentry,32,LAA,AL,9,25,21,2,4,1,0,0,2,0,0,2,4,.190,.292,.238,.530,59,5,1,1,1,0,0,*/7D
260,Johnny Giavotella,28,LAA,AL,8,27,25,2,3,0,0,0,0,0,0,1,2,.120,.154,.120,.274,-17,3,1,0,1,0,0,*/4
261,Kyle Gibson,28,MIN,AL,2,0,,,,,,,,,,,,,,,,,,,,,,,/1
262,Ken Giles,25,HOU,AL,5,0,0,0,0,0,0,0,0,0,0,0,0,,,,,,0,0,0,0,0,0,/1
263,Mychal Givens,26,BAL,AL,6,0,,,,,,,,,,,,,,,,,,,,,,,/1
264,Tyler Goeddel,23,PHI,NL,7,10,10,1,1,0,0,0,0,0,0,0,6,.100,.100,.100,.200,-46,1,0,0,0,0,0,/79
265,Ryan Goins*,28,TOR,AL,11,35,34,2,9,3,0,0,2,0,0,1,10,.265,.286,.353,.639,83,12,0,0,0,0,0,*4
266,Paul Goldschmidt,28,ARI,NL,12,54,44,5,9,1,1,3,9,1,0,9,14,.205,.352,.477,.829,116,21,0,1,0,0,0,*3
267,Yan Gomes,28,CLE,AL,8,32,30,3,7,2,0,1,5,0,0,1,6,.233,.250,.400,.650,81,12,0,0,0,1,0,*/2
268,Carlos Gomez,30,HOU,AL,12,43,42,2,8,3,0,0,0,1,1,1,11,.190,.209,.262,.471,35,11,4,0,0,0,0,*8
269,Jeanmar Gomez,28,PHI,NL,5,0,0,0,0,0,0,0,0,0,0,0,0,,,,,,0,0,0,0,0,0,/1
270,Adrian Gonzalez*,34,LAD,NL,12,53,48,7,16,4,0,1,8,0,0,4,10,.333,.377,.479,.857,130,23,2,0,0,1,0,*3
271,Carlos Gonzalez*,30,COL,NL,11,49,45,10,18,3,1,4,10,0,1,4,10,.400,.449,.778,1.227,200,35,0,0,0,0,1,*9
272,Gio Gonzalez,30,WSN,NL,1,2,1,0,1,0,0,0,0,0,0,0,0,1.000,1.000,1.000,2.000,432,1,0,0,1,0,0,/1
273,Marwin Gonzalez#,27,HOU,AL,9,16,15,1,2,0,0,0,0,0,0,1,6,.133,.188,.133,.321,-5,2,0,0,0,0,0,/534D
274,Alex Gordon*,32,KCR,AL,11,44,39,4,9,2,0,0,2,1,0,5,17,.231,.318,.282,.600,73,11,2,0,0,0,1,*7
275,Dee Gordon*,28,MIA,NL,9,46,45,6,14,2,2,0,2,3,2,1,8,.311,.326,.444,.771,104,20,1,0,0,0,0,*/4
Rk,Name,Age,Tm,Lg,G,PA,AB,R,H,2B,3B,HR,RBI,SB,CS,BB,SO,BA,OBP,SLG,OPS,OPS+,TB,GDP,HBP,SH,SF,IBB,Pos Summary
276,Terrance Gore,25,KCR,AL,1,0,0,1,0,0,0,0,0,0,0,0,0,,,,,,0,0,0,0,0,0,
277,Anthony Gose*,25,DET,AL,9,32,29,4,7,0,0,1,2,0,1,3,10,.241,.313,.345,.657,79,10,0,0,0,0,0,*/8
278,Philip Gosselin,27,ARI,NL,10,14,14,0,4,0,0,0,1,0,0,0,5,.286,.286,.286,.571,51,4,0,0,0,0,0,/45
279,Yasmani Grandal#,27,LAD,NL,3,9,7,0,2,2,0,0,1,0,1,2,0,.286,.444,.571,1.016,172,4,0,0,0,0,0,/23
280,Curtis Granderson*,35,NYM,NL,10,46,41,4,6,2,0,1,1,0,0,5,10,.146,.239,.268,.507,40,11,0,0,0,0,0,*9
281,Kendall Graveman,25,OAK,AL,2,0,,,,,,,,,,,,,,,,,,,,,,,/1
282,Sonny Gray,26,OAK,AL,3,0,,,,,,,,,,,,,,,,,,,,,,,/1
283,Shane Greene,27,DET,AL,2,2,2,0,0,0,0,0,0,0,0,0,0,.000,.000,.000,.000,-100,0,0,0,0,0,0,/1
284,Luke Gregerson*,32,HOU,AL,4,0,0,0,0,0,0,0,0,0,0,0,0,,,,,,0,0,0,0,0,0,/1
285,Didi Gregorius*,26,NYY,AL,9,35,32,2,8,2,0,1,3,1,0,1,6,.250,.265,.406,.671,87,13,0,0,1,1,0,*/6
286,Zack Greinke,32,ARI,NL,3,6,5,0,2,0,0,0,1,0,0,0,0,.400,.400,.400,.800,112,2,0,0,1,0,0,/1
287,Randal Grichuk,24,STL,NL,11,40,32,10,7,2,0,2,6,1,0,8,12,.219,.375,.469,.844,124,15,0,0,0,0,0,*/8
288,A.J. Griffin,28,TEX,AL,2,0,,,,,,,,,,,,,,,,,,,,,,,/1
289,Jason Grilli,39,ATL,NL,4,0,0,0,0,0,0,0,0,0,0,0,0,,,,,,0,0,0,0,0,0,/1
290,Justin Grimm,27,CHC,NL,4,0,0,0,0,0,0,0,0,0,0,0,0,,,,,,0,0,0,0,0,0,/1
291,Jason Gurka*,28,COL,NL,5,0,0,0,0,0,0,0,0,0,0,0,0,,,,,,0,0,0,0,0,0,/1
292,Franklin Gutierrez,33,SEA,AL,9,24,19,0,4,1,0,0,2,0,0,3,8,.211,.333,.263,.596,81,5,1,1,0,1,0,/D9
293,Brandon Guyer,30,TBR,AL,6,17,13,1,2,0,0,1,1,0,0,2,4,.154,.353,.385,.738,114,5,0,2,0,0,0,/89D7
294,Jedd Gyorko,27,STL,NL,7,24,21,1,4,0,0,1,3,0,0,3,5,.190,.292,.333,.625,67,7,0,0,0,0,0,/64
295,David Hale,28,COL,NL,1,0,0,0,0,0,0,0,0,0,0,0,0,,,,,,0,0,0,0,0,0,/1
296,Cole Hamels*,32,TEX,AL,3,0,,,,,,,,,,,,,,,,,,,,,,,/1
297,Billy Hamilton#,25,CIN,NL,11,32,27,5,5,3,0,1,2,1,0,5,8,.185,.313,.407,.720,92,11,0,0,0,0,0,*8
298,Jason Hammel,33,CHC,NL,2,4,4,2,1,1,0,0,1,0,0,0,0,.250,.250,.500,.750,95,2,0,0,0,0,0,/1
299,Brad Hand*,26,SDP,NL,4,0,0,0,0,0,0,0,0,0,0,0,0,,,,,,0,0,0,0,0,0,/1
300,Ryan Hanigan,35,BOS,AL,2,7,6,0,1,0,0,0,0,0,0,1,1,.167,.286,.167,.452,35,1,0,0,0,0,0,/2
Rk,Name,Age,Tm,Lg,G,PA,AB,R,H,2B,3B,HR,RBI,SB,CS,BB,SO,BA,OBP,SLG,OPS,OPS+,TB,GDP,HBP,SH,SF,IBB,Pos Summary
301,J.A. Happ*,33,TOR,AL,2,0,,,,,,,,,,,,,,,,,,,,,,,/1
302,J.J. Hardy,33,BAL,AL,10,39,35,7,10,4,0,2,6,0,0,3,6,.286,.333,.571,.905,150,20,0,0,0,1,0,*6
303,Bryce Harper*,23,WSN,NL,10,43,35,9,12,3,0,5,14,3,0,7,3,.343,.442,.857,1.299,233,30,0,0,0,1,2,*9
304,Will Harris,31,HOU,AL,5,0,0,0,0,0,0,0,0,0,0,0,0,,,,,,0,0,0,0,0,0,/1
305,Josh Harrison,28,PIT,NL,12,52,47,4,13,1,1,0,6,3,0,3,7,.277,.314,.340,.654,77,16,1,0,1,1,0,*4
306,Matt Harvey,27,NYM,NL,3,1,1,0,0,0,0,0,0,0,0,0,1,.000,.000,.000,.000,-100,0,0,0,0,0,0,/1
307,Chris Hatcher#,31,LAD,NL,5,0,0,0,0,0,0,0,0,0,0,0,0,,,,,,0,0,0,0,0,0,/1
308,Jeremy Hazelbaker*,28,STL,NL,11,38,32,7,13,3,1,3,7,2,2,3,10,.406,.432,.844,1.276,231,27,0,0,1,2,0,*/879
309,Chase Headley#,32,NYY,AL,9,34,26,2,4,0,0,0,2,3,0,7,6,.154,.324,.154,.477,43,4,1,0,0,1,0,*/5
310,Andrew Heaney*,25,LAA,AL,1,0,,,,,,,,,,,,,,,,,,,,,,,/1
311,Adeiny Hechavarria,27,MIA,NL,9,33,28,3,7,3,0,1,8,0,0,3,7,.250,.303,.464,.767,102,13,1,0,0,2,0,*/6
312,Chris Heisey,31,WSN,NL,5,8,7,2,2,0,0,1,1,0,0,1,3,.286,.375,.714,1.089,179,5,0,0,0,0,0,/7
313,Jeremy Hellickson,29,PHI,NL,3,4,4,0,2,0,0,0,0,0,0,0,1,.500,.500,.500,1.000,171,2,0,0,0,0,0,/1
314,Jim Henderson*,33,NYM,NL,6,0,0,0,0,0,0,0,0,0,0,0,0,,,,,,0,0,0,0,0,0,/1
315,Kyle Hendricks,26,CHC,NL,2,5,5,0,1,0,0,0,0,0,0,0,2,.200,.200,.200,.400,8,1,0,0,0,0,0,/1
316,Liam Hendriks,27,OAK,AL,4,0,0,0,0,0,0,0,0,0,0,0,0,,,,,,0,0,0,0,0,0,/1
317,Cesar Hernandez#,26,PHI,NL,10,41,38,3,10,1,1,0,1,1,3,1,8,.263,.282,.342,.624,67,13,0,0,2,0,0,*4
318,David Hernandez,31,PHI,NL,6,0,0,0,0,0,0,0,0,0,0,0,0,,,,,,0,0,0,0,0,0,/1
319,Enrique Hernandez,24,LAD,NL,11,31,29,5,12,3,0,2,8,0,0,2,4,.414,.452,.724,1.176,211,21,1,0,0,0,0,/7458
320,Felix Hernandez,30,SEA,AL,3,0,,,,,,,,,,,,,,,,,,,,,,,/1
321,Kelvin Herrera,26,KCR,AL,6,0,,,,,,,,,,,,,,,,,,,,,,,/1
322,Odubel Herrera*,24,PHI,NL,12,49,38,4,10,1,1,1,5,1,0,11,11,.263,.429,.421,.850,130,16,1,0,0,0,0,*8
323,Chris Herrmann*,28,ARI,NL,4,12,12,1,1,1,0,0,0,0,0,0,5,.083,.083,.167,.250,-36,2,0,0,0,0,0,/2
324,Chris Heston,28,SFG,NL,3,0,0,0,0,0,0,0,0,0,0,0,0,,,,,,0,0,0,0,0,0,/1
325,Jason Heyward*,26,CHC,NL,11,47,40,6,8,1,0,0,7,1,0,6,9,.200,.319,.225,.544,50,9,0,1,0,0,0,*9/8
Rk,Name,Age,Tm,Lg,G,PA,AB,R,H,2B,3B,HR,RBI,SB,CS,BB,SO,BA,OBP,SLG,OPS,OPS+,TB,GDP,HBP,SH,SF,IBB,Pos Summary
326,Aaron Hicks#,26,NYY,AL,9,13,12,1,1,0,0,0,1,0,0,1,2,.083,.154,.083,.237,-30,1,1,0,0,0,0,*/97D
327,Aaron Hill,34,MIL,NL,11,37,33,0,6,0,0,0,2,1,0,3,7,.182,.250,.182,.432,18,6,1,0,0,0,0,*5
328,Rich Hill*,36,OAK,AL,3,0,,,,,,,,,,,,,,,,,,,,,,,/1
329,Dalier Hinojosa,30,PHI,NL,5,0,0,0,0,0,0,0,0,0,0,0,0,,,,,,0,0,0,0,0,0,/1
330,Luke Hochevar,32,KCR,AL,6,0,,,,,,,,,,,,,,,,,,,,,,,/1
331,Bryan Holaday,28,TEX,AL,6,19,17,4,3,1,0,0,3,0,0,0,6,.176,.263,.235,.498,42,4,0,2,0,0,0,/2
332,Derek Holland#,29,TEX,AL,2,0,,,,,,,,,,,,,,,,,,,,,,,/1
333,Matt Holliday,36,STL,NL,11,45,39,7,9,5,0,2,7,0,0,5,8,.231,.333,.513,.846,122,20,1,1,0,0,0,*/73
334,Brock Holt*,28,BOS,AL,9,37,30,7,8,2,0,2,8,0,0,6,6,.267,.405,.533,.939,167,16,0,1,0,0,0,*/75
335,Tyler Holt,27,CIN,NL,8,6,6,2,1,1,0,0,0,0,0,0,4,.167,.167,.333,.500,30,2,0,0,0,0,0,/79
336,J.J. Hoover,28,CIN,NL,5,0,0,0,0,0,0,0,0,0,0,0,0,,,,,,0,0,0,0,0,0,/1
337,Eric Hosmer*,26,KCR,AL,11,47,44,5,14,1,1,1,5,0,0,3,7,.318,.362,.455,.816,130,20,1,0,0,0,0,*3
338,Ryan Howard*,36,PHI,NL,12,42,36,4,7,0,0,4,7,0,0,4,12,.194,.262,.528,.790,105,19,0,0,0,2,1,*3
339,J.P. Howell*,33,LAD,NL,5,0,0,0,0,0,0,0,0,0,0,0,0,,,,,,0,0,0,0,0,0,/1
340,Daniel Hudson,29,ARI,NL,5,0,0,0,0,0,0,0,0,0,0,0,0,,,,,,0,0,0,0,0,0,/1
341,Phil Hughes,30,MIN,AL,2,0,,,,,,,,,,,,,,,,,,,,,,,/1
342,Nick Hundley,32,COL,NL,7,28,22,2,5,1,0,1,3,0,0,6,4,.227,.393,.409,.802,102,9,2,0,0,0,0,*/2
343,Cedric Hunter*,28,PHI,NL,12,35,33,3,3,0,0,1,1,0,0,2,6,.091,.143,.182,.325,-13,6,1,0,0,0,0,*7/9
344,Chris Iannetta,33,SEA,AL,10,35,29,3,8,0,0,2,5,0,0,5,9,.276,.400,.483,.883,160,14,0,1,0,0,0,*2
345,Jose Iglesias,26,DET,AL,10,36,30,5,10,1,0,0,1,1,0,6,2,.333,.444,.367,.811,124,11,1,0,0,0,0,*6
346,Raisel Iglesias,26,CIN,NL,3,6,6,0,0,0,0,0,0,0,0,0,1,.000,.000,.000,.000,-100,0,0,0,0,0,0,/1
347,Ender Inciarte*,25,ATL,NL,3,10,8,0,2,0,0,0,0,0,1,2,1,.250,.400,.250,.650,84,2,0,0,0,0,0,/8
348,Omar Infante,34,KCR,AL,10,39,37,5,12,4,0,0,2,0,0,1,8,.324,.333,.432,.766,115,16,0,0,0,1,0,*4
349,Hisashi Iwakuma,35,SEA,AL,2,0,,,,,,,,,,,,,,,,,,,,,,,/1
350,Austin Jackson,29,CHW,AL,11,32,31,4,6,1,0,0,3,1,0,1,6,.194,.219,.226,.445,27,7,0,0,0,0,0,*8
Rk,Name,Age,Tm,Lg,G,PA,AB,R,H,2B,3B,HR,RBI,SB,CS,BB,SO,BA,OBP,SLG,OPS,OPS+,TB,GDP,HBP,SH,SF,IBB,Pos Summary
351,Edwin Jackson,32,MIA,NL,3,0,0,0,0,0,0,0,0,0,0,0,0,,,,,,0,0,0,0,0,0,/1
352,Travis Jankowski*,25,SDP,NL,8,9,7,2,2,0,0,0,0,1,0,2,4,.286,.444,.286,.730,103,2,0,0,0,0,0,/98
353,Kenley Jansen#,28,LAD,NL,4,0,0,0,0,0,0,0,0,0,0,0,0,,,,,,0,0,0,0,0,0,/1
354,John Jaso*,32,PIT,NL,11,50,44,6,15,4,1,0,2,0,0,4,6,.341,.400,.477,.877,136,21,1,1,0,1,0,*3
355,Jon Jay*,31,SDP,NL,12,56,52,5,11,3,0,0,6,1,0,4,14,.212,.268,.269,.537,46,14,1,0,0,0,0,*8
356,Jeremy Jeffress,28,MIL,NL,6,0,0,0,0,0,0,0,0,0,0,0,0,,,,,,0,0,0,0,0,0,/1
357,Dan Jennings*,29,CHW,AL,2,0,,,,,,,,,,,,,,,,,,,,,,,/1
358,Desmond Jennings,29,TBR,AL,10,37,34,4,10,0,0,1,2,1,0,3,8,.294,.351,.382,.734,113,13,0,0,0,0,0,*/7D
359,Kevin Jepsen,31,MIN,AL,5,0,,,,,,,,,,,,,,,,,,,,,,,/1
360,Ubaldo Jimenez,32,BAL,AL,2,0,,,,,,,,,,,,,,,,,,,,,,,/1
361,Chris Johnson,31,MIA,NL,7,11,9,2,2,1,0,0,0,0,0,2,3,.222,.364,.333,.697,89,3,0,0,0,0,0,/3
362,Jim Johnson,33,ATL,NL,6,0,0,0,0,0,0,0,0,0,0,0,0,,,,,,0,0,0,0,0,0,/1
363,Kelly Johnson*,34,ATL,NL,10,23,20,0,4,2,0,0,2,0,0,3,3,.200,.304,.300,.604,67,6,0,0,0,0,0,/743
364,Micah Johnson*,25,LAD,NL,2,3,3,0,0,0,0,0,0,0,0,0,0,.000,.000,.000,.000,-100,0,0,0,0,0,0,/4
365,Adam Jones,30,BAL,AL,7,24,24,2,5,1,0,1,5,0,0,0,8,.208,.208,.375,.583,61,9,0,0,0,0,0,*/8
366,Nate Jones,30,CHW,AL,6,0,,,,,,,,,,,,,,,,,,,,,,,/1
367,Caleb Joseph,30,BAL,AL,4,15,14,2,3,0,0,0,0,0,0,1,4,.214,.267,.214,.481,39,3,1,0,0,0,0,/2
368,Matthew Joyce*,31,PIT,NL,11,17,12,2,3,1,0,1,4,0,1,5,4,.250,.471,.583,1.054,183,7,1,0,0,0,0,/D
369,Taylor Jungmann,26,MIL,NL,3,5,5,1,1,0,0,0,0,0,0,0,2,.200,.200,.200,.400,8,1,0,0,0,0,0,/1
370,Nate Karns,28,SEA,AL,2,0,,,,,,,,,,,,,,,,,,,,,,,/1
371,Munenori Kawasaki*,35,CHC,NL,2,2,2,0,1,0,0,0,0,1,0,0,0,.500,.500,.500,1.000,171,1,0,0,0,0,0,/5
372,Scott Kazmir*,32,LAD,NL,3,5,4,0,0,0,0,0,0,0,0,0,3,.000,.000,.000,.000,-100,0,0,0,1,0,0,/1
373,Keone Kela,23,TEX,AL,6,0,,,,,,,,,,,,,,,,,,,,,,,/1
374,Shawn Kelley,32,WSN,NL,5,0,0,0,0,0,0,0,0,0,0,0,0,,,,,,0,0,0,0,0,0,/1
375,Joe Kelly,28,BOS,AL,2,0,,,,,,,,,,,,,,,,,,,,,,,/1
Rk,Name,Age,Tm,Lg,G,PA,AB,R,H,2B,3B,HR,RBI,SB,CS,BB,SO,BA,OBP,SLG,OPS,OPS+,TB,GDP,HBP,SH,SF,IBB,Pos Summary
376,Matt Kemp,31,SDP,NL,11,45,44,5,12,0,0,4,11,0,0,1,8,.273,.289,.545,.834,119,24,2,0,0,0,1,*9
377,Howie Kendrick,32,LAD,NL,5,17,17,3,4,0,0,0,0,0,0,0,3,.235,.235,.235,.471,28,4,1,0,0,0,0,/475
378,Ian Kennedy,31,KCR,AL,2,0,,,,,,,,,,,,,,,,,,,,,,,/1
379,Logan Kensing,33,DET,AL,3,0,0,0,0,0,0,0,0,0,0,0,0,,,,,,0,0,0,0,0,0,/1
380,Max Kepler*,23,MIN,AL,5,7,5,0,0,0,0,0,0,0,0,2,2,.000,.286,.000,.286,-7,0,0,0,0,0,0,/98
381,Clayton Kershaw*,28,LAD,NL,3,10,10,1,1,0,0,0,0,0,0,0,4,.100,.100,.100,.200,-46,1,0,0,0,0,0,/1
382,Dallas Keuchel*,28,HOU,AL,3,2,2,0,0,0,0,0,0,0,0,0,0,.000,.000,.000,.000,-100,0,0,0,0,0,0,/1
383,Kevin Kiermaier*,26,TBR,AL,10,32,26,4,4,0,0,0,2,2,1,4,4,.154,.313,.154,.466,42,4,1,2,0,0,0,*8
384,Hyun Soo Kim*,28,BAL,AL,3,8,6,1,3,0,0,0,0,0,0,2,1,.500,.625,.500,1.125,226,3,0,0,0,0,0,/7
385,Craig Kimbrel,28,BOS,AL,6,0,,,,,,,,,,,,,,,,,,,,,,,/1
386,Ian Kinsler,34,DET,AL,10,48,45,10,15,1,0,3,8,1,1,2,7,.333,.354,.556,.910,142,25,1,0,0,1,0,*4
387,Jason Kipnis*,29,CLE,AL,9,39,33,7,11,4,0,1,5,2,0,5,9,.333,.410,.545,.956,169,18,1,0,0,1,0,*/4
388,Phil Klein,27,TEX,AL,2,0,,,,,,,,,,,,,,,,,,,,,,,/1
389,Corey Kluber,30,CLE,AL,2,0,,,,,,,,,,,,,,,,,,,,,,,/1
390,Tom Koehler,30,MIA,NL,2,3,3,0,1,0,0,0,0,0,0,0,1,.333,.333,.333,.667,80,1,0,0,0,0,0,/1
391,George Kontos,31,SFG,NL,7,0,0,0,0,0,0,0,0,0,0,0,0,,,,,,0,0,0,0,0,0,*/1
392,Erik Kratz,36,HOU,AL,5,7,7,0,0,0,0,0,0,0,0,0,5,.000,.000,.000,.000,-100,0,0,0,0,0,0,/2D
393,Tommy La Stella*,27,CHC,NL,5,12,12,1,4,1,0,0,2,0,0,0,0,.333,.333,.417,.750,100,5,0,0,0,0,0,/5
394,John Lackey,37,CHC,NL,2,7,6,0,1,0,0,0,1,0,0,1,3,.167,.286,.167,.452,26,1,0,0,0,0,0,/1
395,Juan Lagares,27,NYM,NL,6,9,9,1,2,0,0,0,0,0,0,0,1,.222,.222,.222,.444,23,2,0,0,0,0,0,/87
396,Jake Lamb*,25,ARI,NL,11,45,38,4,10,3,0,1,6,1,0,6,10,.263,.356,.421,.777,104,16,0,0,0,1,1,*5
397,Andrew Lambo*,27,OAK,AL,1,1,1,0,0,0,0,0,0,0,0,0,0,.000,.000,.000,.000,-100,0,0,0,0,0,0,
398,Mat Latos,28,CHW,AL,2,0,,,,,,,,,,,,,,,,,,,,,,,/1
399,Derek Law,25,SFG,NL,1,0,0,0,0,0,0,0,0,0,0,0,0,,,,,,0,0,0,0,0,0,/1
400,Brett Lawrie,26,CHW,AL,11,44,42,5,12,2,0,1,3,0,1,1,10,.286,.318,.405,.723,103,17,1,1,0,0,0,*4
Rk,Name,Age,Tm,Lg,G,PA,AB,R,H,2B,3B,HR,RBI,SB,CS,BB,SO,BA,OBP,SLG,OPS,OPS+,TB,GDP,HBP,SH,SF,IBB,Pos Summary
401,Tommy Layne*,31,BOS,AL,2,0,,,,,,,,,,,,,,,,,,,,,,,/1
402,Mike Leake,28,STL,NL,2,3,3,0,0,0,0,0,0,0,0,0,2,.000,.000,.000,.000,-100,0,0,0,0,0,0,/1
403,Dae-ho Lee,34,SEA,AL,9,17,16,2,4,0,0,2,3,0,0,0,3,.250,.294,.625,.919,162,10,1,1,0,0,0,/3
404,DJ LeMahieu,27,COL,NL,10,41,37,9,14,4,0,2,5,2,1,4,5,.378,.439,.649,1.088,168,24,1,0,0,0,1,*4
405,Arnold Leon,27,TOR,AL,2,0,,,,,,,,,,,,,,,,,,,,,,,/1
406,Jon Lester*,32,CHC,NL,2,2,0,0,0,0,0,0,0,0,0,1,0,,1.000,,,,0,0,0,1,0,0,/1
407,Colby Lewis,36,TEX,AL,3,0,,,,,,,,,,,,,,,,,,,,,,,/1
408,Adam Liberatore*,29,LAD,NL,1,0,0,0,0,0,0,0,0,0,0,0,0,,,,,,0,0,0,0,0,0,/1
409,Adam Lind*,32,SEA,AL,9,26,26,1,5,1,0,0,1,0,0,0,8,.192,.192,.231,.423,25,6,1,0,0,0,0,*/3
410,Francisco Lindor#,22,CLE,AL,9,39,36,7,10,1,0,1,4,2,0,2,8,.278,.316,.389,.705,100,14,0,0,1,0,0,*/6
411,Francisco Liriano*,32,PIT,NL,2,4,4,0,3,1,0,0,2,0,0,0,1,.750,.750,1.000,1.750,368,4,0,0,0,0,0,/1
412,Jose Lobaton#,31,WSN,NL,1,3,3,0,1,0,0,0,0,0,0,0,1,.333,.333,.333,.667,77,1,0,0,0,0,0,/2
413,Kyle Lobstein*,26,PIT,NL,4,0,0,0,0,0,0,0,0,0,0,0,0,,,,,,0,0,0,0,0,0,/1
414,Jeff Locke*,28,PIT,NL,2,4,3,0,0,0,0,0,0,0,0,0,2,.000,.000,.000,.000,-100,0,0,0,1,0,0,/1
415,Boone Logan,31,COL,NL,6,0,0,0,0,0,0,0,0,0,0,0,0,,,,,,0,0,0,0,0,0,/1
416,Evan Longoria,30,TBR,AL,11,46,45,6,12,2,0,2,6,0,1,1,8,.267,.283,.444,.727,106,20,1,0,0,0,0,*5
417,Javier Lopez*,38,SFG,NL,6,0,0,0,0,0,0,0,0,0,0,0,0,,,,,,0,0,0,0,0,0,/1
418,Mark Lowe*,33,DET,AL,6,0,0,0,0,0,0,0,0,0,0,0,0,,,,,,0,0,0,0,0,0,/1
419,Jed Lowrie#,32,OAK,AL,12,47,43,2,9,1,0,0,7,0,0,3,6,.209,.255,.233,.488,41,10,1,0,0,1,0,*4/6D
420,Jonathan Lucroy,30,MIL,NL,10,40,37,5,10,2,0,0,2,0,0,3,9,.270,.325,.324,.649,75,12,1,0,0,0,0,*/23
421,Cory Luebke,31,PIT,NL,3,0,0,0,0,0,0,0,0,0,0,0,0,,,,,,0,0,0,0,0,0,/1
422,Jordan Lyles,25,COL,NL,2,3,3,0,0,0,0,0,0,0,0,0,2,.000,.000,.000,.000,-100,0,0,0,0,0,0,/1
423,Tyler Lyons*,28,STL,NL,4,0,0,0,0,0,0,0,0,0,0,0,0,,,,,,0,0,0,0,0,0,/1
424,Manny Machado,23,BAL,AL,11,51,47,11,18,4,0,4,5,0,1,3,9,.383,.431,.723,1.155,220,34,1,1,0,0,0,*5/6
425,Ryan Madson*,35,OAK,AL,6,0,0,0,0,0,0,0,0,0,0,0,0,,,,,,0,0,0,0,0,0,/1
Rk,Name,Age,Tm,Lg,G,PA,AB,R,H,2B,3B,HR,RBI,SB,CS,BB,SO,BA,OBP,SLG,OPS,OPS+,TB,GDP,HBP,SH,SF,IBB,Pos Summary
426,Kenta Maeda,28,LAD,NL,2,5,5,1,1,0,0,1,1,0,0,0,1,.200,.200,.800,1.000,153,4,0,0,0,0,0,/1
427,Greg Mahle*,23,LAA,AL,2,0,,,,,,,,,,,,,,,,,,,,,,,/1
428,Martin Maldonado,29,MIL,NL,3,8,6,0,0,0,0,0,0,0,0,2,2,.000,.250,.000,.250,-25,0,0,0,0,0,0,/2
429,Seth Maness,27,STL,NL,6,0,0,0,0,0,0,0,0,0,0,0,0,,,,,,0,0,0,0,0,0,/1
430,Jeff Manship,31,CLE,AL,3,0,,,,,,,,,,,,,,,,,,,,,,,/1
431,Jake Marisnick,25,HOU,AL,8,5,5,1,0,0,0,0,0,0,0,0,2,.000,.000,.000,.000,-100,0,0,0,0,0,0,/7D
432,Nick Markakis*,32,ATL,NL,11,47,41,6,14,8,0,0,12,0,0,6,5,.341,.426,.537,.962,161,22,1,0,0,0,0,*9
433,Ketel Marte#,22,SEA,AL,10,42,38,3,8,0,0,0,1,1,0,2,9,.211,.262,.211,.472,43,8,0,1,0,1,0,*6
434,Starling Marte,27,PIT,NL,12,54,49,6,17,4,0,2,8,4,0,2,10,.347,.407,.551,.958,156,27,3,3,0,0,0,*7
435,Leonys Martin*,28,SEA,AL,11,39,35,5,9,2,0,2,4,1,1,3,14,.257,.333,.486,.819,139,17,0,1,0,0,0,*8
436,Russell Martin,33,TOR,AL,11,36,33,3,3,0,0,0,1,0,0,2,16,.091,.139,.091,.230,-32,3,1,0,0,1,0,*2/5
437,Carlos Martinez,24,STL,NL,2,6,6,1,2,0,0,0,2,0,0,0,0,.333,.333,.333,.667,80,2,0,0,0,0,0,/1
438,J.D. Martinez,28,DET,AL,10,45,39,6,15,3,0,1,5,0,0,5,8,.385,.444,.538,.983,166,21,0,0,0,1,0,*9
439,Victor Martinez#,37,DET,AL,10,30,26,4,7,3,0,2,7,0,0,4,2,.269,.367,.615,.982,160,16,1,0,0,0,0,/D
440,Jeff Mathis,33,MIA,NL,1,4,3,0,0,0,0,0,0,0,0,1,1,.000,.250,.000,.250,-25,0,0,0,0,0,0,/2
441,Steven Matz,25,NYM,NL,1,0,0,0,0,0,0,0,0,0,0,0,0,,,,,,0,0,0,0,0,0,/1
442,Joe Mauer*,33,MIN,AL,11,47,39,5,14,1,1,1,3,0,0,6,4,.359,.447,.513,.960,175,20,1,1,0,1,1,*/3D
443,Brandon Maurer,25,SDP,NL,5,0,0,0,0,0,0,0,0,0,0,0,0,,,,,,0,0,0,0,0,0,/1
444,Trevor May,26,MIN,AL,6,0,,,,,,,,,,,,,,,,,,,,,,,/1
445,Nomar Mazara*,21,TEX,AL,7,31,27,5,12,1,0,1,5,0,0,2,3,.444,.452,.593,1.044,190,16,1,0,0,2,0,*/9
446,Zach McAllister,28,CLE,AL,4,0,,,,,,,,,,,,,,,,,,,,,,,/1
447,Brian McCann*,32,NYY,AL,8,32,27,10,10,1,0,2,4,0,0,5,6,.370,.469,.630,1.098,209,17,1,0,0,0,0,*/23
448,James McCann,26,DET,AL,4,15,15,0,2,0,0,0,2,0,0,0,5,.133,.133,.133,.267,-27,2,0,0,0,0,0,/2
449,Andrew McCutchen,29,PIT,NL,12,55,46,6,12,4,0,1,3,0,1,8,10,.261,.382,.413,.795,115,19,0,1,0,0,1,*8
450,T.J. McFarland*,27,BAL,AL,5,0,,,,,,,,,,,,,,,,,,,,,,,/1
Rk,Name,Age,Tm,Lg,G,PA,AB,R,H,2B,3B,HR,RBI,SB,CS,BB,SO,BA,OBP,SLG,OPS,OPS+,TB,GDP,HBP,SH,SF,IBB,Pos Summary
451,Jake McGee*,29,COL,NL,3,0,0,0,0,0,0,0,0,0,0,0,0,,,,,,0,0,0,0,0,0,/1
452,Dustin McGowan,34,MIA,NL,6,0,0,0,0,0,0,0,0,0,0,0,0,,,,,,0,0,0,0,0,0,/1
453,Collin McHugh,29,HOU,AL,3,0,,,,,,,,,,,,,,,,,,,,,,,/1
454,Kris Medlen#,30,KCR,AL,1,0,,,,,,,,,,,,,,,,,,,,,,,/1
455,Mark Melancon,31,PIT,NL,6,0,0,0,0,0,0,0,0,0,0,0,0,,,,,,0,0,0,0,0,0,/1
456,Tim Melville,26,CIN,NL,2,2,2,0,0,0,0,0,0,0,0,0,2,.000,.000,.000,.000,-100,0,0,0,0,0,0,/1
457,Jordy Mercer,29,PIT,NL,12,49,41,4,9,2,0,0,6,0,0,4,9,.220,.298,.268,.566,55,11,2,1,2,1,0,*6
458,Devin Mesoraco,28,CIN,NL,9,28,24,1,3,1,0,0,0,0,1,4,2,.125,.250,.167,.417,15,4,2,0,0,0,0,/2
459,Wade Miley*,29,SEA,AL,2,0,,,,,,,,,,,,,,,,,,,,,,,/1
460,Andrew Miller*,31,NYY,AL,4,0,,,,,,,,,,,,,,,,,,,,,,,/1
461,Brad Miller*,26,TBR,AL,10,35,32,1,4,2,0,1,3,0,1,3,8,.125,.200,.281,.481,38,9,0,0,0,0,0,*6
462,Justin Miller,29,COL,NL,4,0,0,0,0,0,0,0,0,0,0,0,0,,,,,,0,0,0,0,0,0,/1
463,Shelby Miller,25,ARI,NL,3,4,4,0,0,0,0,0,0,0,0,0,3,.000,.000,.000,.000,-100,0,0,0,0,0,0,/1
464,Tommy Milone*,29,MIN,AL,2,0,,,,,,,,,,,,,,,,,,,,,,,/1
465,Yadier Molina,33,STL,NL,11,48,45,5,14,4,0,0,6,1,0,2,7,.311,.354,.400,.754,102,18,1,1,0,0,0,*2
466,Miguel Montero*,32,CHC,NL,7,34,28,6,8,3,0,1,6,0,0,5,8,.286,.382,.500,.882,135,14,0,0,0,1,1,*/2
467,Rafael Montero,25,NYM,NL,1,0,,,,,,,,,,,,,,,,,,,,,,,
468,Mike Montgomery*,26,SEA,AL,4,0,,,,,,,,,,,,,,,,,,,,,,,/1
469,Matt Moore*,27,TBR,AL,2,0,,,,,,,,,,,,,,,,,,,,,,,/1
470,Franklin Morales*,30,TOR,AL,2,0,,,,,,,,,,,,,,,,,,,,,,,/1
471,Kendrys Morales#,33,KCR,AL,11,45,41,3,10,3,0,2,7,0,0,2,11,.244,.267,.463,.730,102,19,4,0,0,2,0,*D
472,Mitch Moreland*,30,TEX,AL,11,46,43,5,10,5,0,1,4,0,0,2,18,.233,.283,.419,.701,93,18,0,1,0,0,0,*3
473,Mike Morin,25,LAA,AL,6,0,,,,,,,,,,,,,,,,,,,,,,,/1
474,Bryan Morris*,29,MIA,NL,5,1,1,0,0,0,0,0,0,0,0,0,1,.000,.000,.000,.000,-100,0,0,0,0,0,0,/1
475,Logan Morrison*,28,TBR,AL,9,31,29,1,2,0,0,0,0,0,0,2,14,.069,.129,.069,.198,-40,2,1,0,0,0,0,*/3D
Rk,Name,Age,Tm,Lg,G,PA,AB,R,H,2B,3B,HR,RBI,SB,CS,BB,SO,BA,OBP,SLG,OPS,OPS+,TB,GDP,HBP,SH,SF,IBB,Pos Summary
476,Mike Morse,34,PIT,NL,6,8,8,0,0,0,0,0,0,0,0,0,2,.000,.000,.000,.000,-100,0,0,0,0,0,0,/3D
477,Charlie Morton,32,PHI,NL,2,4,4,1,1,0,0,0,0,0,0,0,2,.250,.250,.250,.500,35,1,0,0,0,0,0,/1
478,Brandon Moss*,32,STL,NL,11,32,26,9,7,2,0,4,10,0,0,3,9,.269,.375,.808,1.183,205,21,1,2,0,1,0,*/37
479,Mike Moustakas*,27,KCR,AL,10,46,42,5,9,2,0,3,4,0,0,4,6,.214,.283,.476,.759,110,20,2,0,0,0,0,*5
480,Daniel Murphy*,31,WSN,NL,10,39,32,7,14,3,2,2,8,1,1,7,7,.438,.538,.844,1.382,258,27,0,0,0,0,1,*4
481,John Ryan Murphy,25,MIN,AL,4,15,15,0,1,1,0,0,0,0,0,0,1,.067,.067,.133,.200,-44,2,0,0,0,0,0,/2
482,Wil Myers,25,SDP,NL,12,51,49,5,13,2,0,2,3,1,0,1,18,.265,.275,.429,.703,86,21,0,0,0,1,0,*3/7
483,Mike Napoli,34,CLE,AL,9,38,35,8,10,3,0,2,6,0,0,3,11,.286,.342,.543,.885,147,19,2,0,0,0,0,*/3D
484,Tyler Naquin*,25,CLE,AL,7,15,15,1,5,0,0,0,1,0,0,0,5,.333,.333,.333,.667,91,5,0,0,0,0,0,*/8
485,Chris Narveson*,34,MIA,NL,5,2,2,0,0,0,0,0,0,0,0,0,1,.000,.000,.000,.000,-100,0,0,0,0,0,0,/1
486,Daniel Nava#,33,LAA,AL,8,15,14,3,4,0,0,0,1,0,0,0,3,.286,.333,.286,.619,86,4,0,1,0,0,0,/7
487,Dioner Navarro#,32,CHW,AL,5,16,16,1,1,0,0,0,1,0,0,0,4,.063,.063,.063,.125,-64,1,0,0,0,0,0,/2
488,Jimmy Nelson,27,MIL,NL,3,9,7,0,1,0,0,0,0,0,0,0,3,.143,.143,.143,.286,-23,1,0,0,2,0,0,/1
489,Hector Neris,27,PHI,NL,6,0,0,0,0,0,0,0,0,0,0,0,0,,,,,,0,0,0,0,0,0,/1
490,Pat Neshek#,35,HOU,AL,5,0,0,0,0,0,0,0,0,0,0,0,0,,,,,,0,0,0,0,0,0,/1
491,Juan Nicasio,29,PIT,NL,2,2,2,0,0,0,0,0,0,0,0,0,0,.000,.000,.000,.000,-100,0,0,0,0,0,0,/1
492,Brett Nicholas*,27,TEX,AL,3,12,11,3,3,1,0,0,0,0,0,1,3,.273,.333,.364,.697,96,4,0,0,0,0,0,/2
493,Jon Niese*,29,PIT,NL,3,4,3,0,0,0,0,0,0,0,0,1,1,.000,.250,.000,.250,-24,0,0,0,0,0,0,/1
494,Kirk Nieuwenhuis*,28,MIL,NL,8,11,8,2,2,0,0,1,2,0,0,3,5,.250,.455,.625,1.080,186,5,0,0,0,0,0,/87
495,Aaron Nola,23,PHI,NL,3,5,5,0,0,0,0,0,0,0,0,0,5,.000,.000,.000,.000,-100,0,0,0,0,0,0,/1
496,Ricky Nolasco,33,MIN,AL,2,0,,,,,,,,,,,,,,,,,,,,,,,/1
497,Bud Norris,31,ATL,NL,3,7,3,0,0,0,0,0,0,0,0,2,1,.000,.400,.000,.400,23,0,0,0,2,0,0,/1
498,Derek Norris,27,SDP,NL,11,43,40,6,6,2,0,0,0,0,0,3,11,.150,.209,.200,.409,12,8,1,0,0,0,0,*2
499,Ivan Nova,29,NYY,AL,2,0,0,0,0,0,0,0,0,0,0,0,0,,,,,,0,0,0,0,0,0,/1
500,Eduardo Nunez,29,MIN,AL,7,15,13,3,9,1,1,0,2,2,2,0,2,.692,.733,.923,1.656,372,12,0,2,0,0,0,/D456
Rk,Name,Age,Tm,Lg,G,PA,AB,R,H,2B,3B,HR,RBI,SB,CS,BB,SO,BA,OBP,SLG,OPS,OPS+,TB,GDP,HBP,SH,SF,IBB,Pos Summary
501,Vidal Nuno*,28,SEA,AL,5,0,,,,,,,,,,,,,,,,,,,,,,,/1
502,Darren O'Day,33,BAL,AL,6,0,,,,,,,,,,,,,,,,,,,,,,,/1
503,Eric O'Flaherty*,31,ATL,NL,6,0,0,0,0,0,0,0,0,0,0,0,0,,,,,,0,0,0,0,0,0,/1
504,Brett Oberholtzer*,26,PHI,NL,2,2,2,0,0,0,0,0,0,0,0,0,1,.000,.000,.000,.000,-100,0,0,0,0,0,0,/1
505,Rougned Odor*,22,TEX,AL,13,51,48,8,11,4,0,1,10,1,0,3,10,.229,.275,.375,.650,80,18,0,0,0,0,0,*4
506,Jake Odorizzi,26,TBR,AL,3,0,,,,,,,,,,,,,,,,,,,,,,,/1
507,Alexi Ogando,32,ATL,NL,4,0,0,0,0,0,0,0,0,0,0,0,0,,,,,,0,0,0,0,0,0,/1
508,Seung-hwan Oh,33,STL,NL,6,0,0,0,0,0,0,0,0,0,0,0,0,,,,,,0,0,0,0,0,0,/1
509,Ross Ohlendorf,33,CIN,NL,5,0,0,0,0,0,0,0,0,0,0,0,0,,,,,,0,0,0,0,0,0,/1
510,Hector Olivera,31,ATL,NL,6,21,19,2,4,1,0,0,2,0,0,1,5,.211,.238,.263,.501,37,5,1,0,0,1,0,/7
511,Tyler Olson,26,NYY,AL,1,0,,,,,,,,,,,,,,,,,,,,,,,
512,Paulo Orlando,30,KCR,AL,7,23,23,2,6,0,0,0,1,0,0,0,6,.261,.261,.261,.522,49,6,0,0,0,0,0,*/98
513,Rafael Ortega*,25,LAA,AL,1,4,3,0,1,0,0,0,0,1,0,1,0,.333,.500,.333,.833,153,1,0,0,0,0,0,/7
514,David Ortiz*,40,BOS,AL,9,40,33,5,11,5,0,3,10,1,0,7,4,.333,.450,.758,1.208,238,25,1,0,0,0,1,*/D
515,Josh Osich*,27,SFG,NL,7,0,0,0,0,0,0,0,0,0,0,0,0,,,,,,0,0,0,0,0,0,*/1
516,Roberto Osuna,21,TOR,AL,5,0,,,,,,,,,,,,,,,,,,,,,,,/1
517,Dan Otero,31,CLE,AL,2,0,,,,,,,,,,,,,,,,,,,,,,,/1
518,Chris Owings,24,ARI,NL,10,26,26,4,5,0,0,0,2,1,0,0,7,.192,.192,.192,.385,2,5,0,0,0,0,0,*/86
519,Marcell Ozuna,25,MIA,NL,9,41,40,5,8,2,0,1,2,0,0,1,11,.200,.220,.325,.545,43,13,0,0,0,0,0,*/8
520,Jordan Pacheco,30,CIN,NL,5,11,11,1,2,1,0,0,0,0,0,0,1,.182,.182,.273,.455,20,3,0,0,0,0,0,/345
521,Angel Pagan#,34,SFG,NL,12,48,42,13,16,3,1,1,3,2,1,6,4,.381,.458,.571,1.030,175,24,0,0,0,0,1,*7
522,Joe Panik*,25,SFG,NL,12,47,43,9,11,2,1,1,8,0,0,3,4,.256,.298,.419,.716,90,18,0,0,0,1,0,*4
523,Jonathan Papelbon,35,WSN,NL,5,0,0,0,0,0,0,0,0,0,0,0,0,,,,,,0,0,0,0,0,0,/1
524,Byung-ho Park,29,MIN,AL,9,36,31,3,6,2,0,2,3,0,0,4,14,.194,.306,.452,.757,114,14,0,1,0,0,0,/D3
525,Gerardo Parra*,29,COL,NL,10,41,40,7,12,5,0,1,2,3,0,1,5,.300,.317,.500,.817,101,20,3,0,0,0,1,*/78
Rk,Name,Age,Tm,Lg,G,PA,AB,R,H,2B,3B,HR,RBI,SB,CS,BB,SO,BA,OBP,SLG,OPS,OPS+,TB,GDP,HBP,SH,SF,IBB,Pos Summary
526,Ben Paulsen*,28,COL,NL,10,25,23,1,7,3,0,0,3,0,0,2,7,.304,.360,.435,.795,98,10,0,0,0,0,1,/37
527,Steve Pearce,33,TBR,AL,6,19,19,0,4,0,0,0,1,0,0,0,2,.211,.211,.211,.421,23,4,0,0,0,0,0,/3
528,Jake Peavy,35,SFG,NL,2,2,1,0,1,0,0,0,0,0,0,0,0,1.000,1.000,1.000,2.000,441,1,0,0,1,0,0,/1
529,Joc Pederson*,24,LAD,NL,11,36,33,6,8,3,0,1,5,1,0,2,14,.242,.306,.424,.730,95,14,0,1,0,0,0,*/8
530,Dustin Pedroia,32,BOS,AL,10,47,43,7,13,2,0,0,3,0,0,4,7,.302,.362,.349,.711,106,15,2,0,0,0,0,*4
531,Mike Pelfrey,32,DET,AL,2,0,,,,,,,,,,,,,,,,,,,,,,,/1
532,Ariel Pena,27,MIL,NL,1,0,0,0,0,0,0,0,0,0,0,0,0,,,,,,0,0,0,0,0,0,/1
533,Hunter Pence,33,SFG,NL,12,53,45,7,11,0,0,2,10,0,0,6,11,.244,.340,.378,.717,93,17,1,1,0,1,0,*9
534,Cliff Pennington#,32,LAA,AL,7,13,11,1,3,1,1,0,3,0,0,2,3,.273,.385,.545,.930,170,6,1,0,0,0,0,/43
535,David Peralta*,28,ARI,NL,12,51,47,7,13,5,1,0,3,1,0,4,9,.277,.333,.426,.759,98,20,1,0,0,0,0,*9/8
536,Joel Peralta,40,SEA,AL,5,0,,,,,,,,,,,,,,,,,,,,,,,/1
537,Wily Peralta,27,MIL,NL,3,4,4,0,0,0,0,0,0,0,0,0,1,.000,.000,.000,.000,-100,0,0,0,0,0,0,/1
538,Luis Perdomo,23,SDP,NL,4,0,0,0,0,0,0,0,0,0,0,0,0,,,,,,0,0,0,0,0,0,/1
539,Carlos Perez,25,LAA,AL,9,27,24,2,5,1,0,0,1,0,0,3,4,.208,.296,.250,.546,64,6,1,0,0,0,0,*/2
540,Martin Perez*,25,TEX,AL,3,0,,,,,,,,,,,,,,,,,,,,,,,/1
541,Oliver Perez*,34,WSN,NL,4,0,0,0,0,0,0,0,0,0,0,0,0,,,,,,0,0,0,0,0,0,/1
542,Roberto Perez,27,CLE,AL,1,5,4,1,0,0,0,0,0,0,0,1,2,.000,.200,.000,.200,-36,0,0,0,0,0,0,/2
543,Salvador Perez,26,KCR,AL,11,38,35,5,8,2,1,1,5,0,0,2,6,.229,.263,.429,.692,92,15,1,0,0,1,0,*2
544,Williams Perez,25,ATL,NL,2,3,2,0,0,0,0,0,0,0,0,0,1,.000,.000,.000,.000,-100,0,0,0,1,0,0,/1
545,Glen Perkins*,33,MIN,AL,2,0,,,,,,,,,,,,,,,,,,,,,,,/1
546,Jace Peterson*,26,ATL,NL,10,24,23,2,4,0,0,0,0,0,0,1,8,.174,.208,.174,.382,6,4,0,0,0,0,0,*/47
547,Yusmeiro Petit,31,WSN,NL,2,0,0,0,0,0,0,0,0,0,0,0,0,,,,,,0,0,0,0,0,0,/1
548,Jake Petricka,28,CHW,AL,4,0,,,,,,,,,,,,,,,,,,,,,,,/1
549,Tommy Pham,28,STL,NL,1,1,1,0,0,0,0,0,0,0,0,0,0,.000,.000,.000,.000,-100,0,0,0,0,0,0,/7
550,Josh Phegley,28,OAK,AL,5,17,16,2,6,1,0,0,0,0,0,1,3,.375,.412,.438,.849,144,7,0,0,0,0,0,/2
Rk,Name,Age,Tm,Lg,G,PA,AB,R,H,2B,3B,HR,RBI,SB,CS,BB,SO,BA,OBP,SLG,OPS,OPS+,TB,GDP,HBP,SH,SF,IBB,Pos Summary
551,David Phelps,29,MIA,NL,4,2,2,0,1,0,0,0,1,0,0,0,1,.500,.500,.500,1.000,169,1,0,0,0,0,0,/1
552,Brandon Phillips,35,CIN,NL,9,37,33,5,10,2,0,1,6,2,0,2,3,.303,.351,.455,.806,115,15,1,1,0,1,0,*/4
553,A.J. Pierzynski*,39,ATL,NL,8,30,29,3,5,1,0,0,3,0,0,0,5,.172,.200,.207,.407,12,6,2,1,0,0,0,*/2
554,Kevin Pillar,27,TOR,AL,12,52,48,5,9,2,1,0,3,1,0,0,9,.188,.235,.271,.506,46,13,1,3,1,0,0,*8
555,Michael Pineda,27,NYY,AL,2,0,,,,,,,,,,,,,,,,,,,,,,,/1
556,Stephen Piscotty,25,STL,NL,10,49,41,7,11,2,1,2,8,0,0,8,9,.268,.388,.512,.900,139,21,2,0,0,0,0,*9
557,Kevin Plawecki,25,NYM,NL,3,7,5,0,1,0,0,0,2,0,0,2,2,.200,.429,.200,.629,82,1,0,0,0,0,0,/2
558,Trevor Plouffe,30,MIN,AL,11,40,39,3,10,3,0,2,5,0,0,1,8,.256,.275,.487,.762,113,19,1,0,0,0,0,*5
559,Gregory Polanco*,24,PIT,NL,12,53,39,6,10,3,1,0,6,1,2,12,7,.256,.423,.385,.808,121,15,1,0,1,1,0,*9
560,Drew Pomeranz,27,SDP,NL,2,4,4,1,1,0,0,0,0,0,0,0,1,.250,.250,.250,.500,36,1,0,0,0,0,0,/1
561,Rick Porcello,27,BOS,AL,2,0,,,,,,,,,,,,,,,,,,,,,,,/1
562,Buster Posey,29,SFG,NL,10,40,35,4,9,1,0,2,5,1,0,4,4,.257,.325,.457,.782,108,16,0,0,0,1,1,*/23
563,Martin Prado,32,MIA,NL,9,37,33,3,12,2,1,0,4,0,0,3,4,.364,.405,.485,.890,137,16,3,0,0,1,0,*/5
564,Ryan Pressly,27,MIN,AL,7,0,,,,,,,,,,,,,,,,,,,,,,,*/1
565,David Price*,30,BOS,AL,3,0,,,,,,,,,,,,,,,,,,,,,,,/1
566,Yasiel Puig,25,LAD,NL,12,49,42,8,15,1,2,1,5,1,0,5,7,.357,.449,.548,.997,168,23,1,2,0,0,0,*9
567,Albert Pujols,36,LAA,AL,11,45,41,3,8,1,0,1,8,1,0,4,6,.195,.267,.293,.559,65,12,1,0,0,0,1,*/D3
568,Zach Putnam,28,CHW,AL,3,0,,,,,,,,,,,,,,,,,,,,,,,/1
569,Kevin Quackenbush,27,SDP,NL,6,0,0,0,0,0,0,0,0,0,0,0,0,,,,,,0,0,0,0,0,0,/1
570,Chad Qualls,37,COL,NL,5,0,0,0,0,0,0,0,0,0,0,0,0,,,,,,0,0,0,0,0,0,/1
571,Jose Quintana,27,CHW,AL,2,0,,,,,,,,,,,,,,,,,,,,,,,/1
572,Ryan Raburn,35,COL,NL,8,16,14,2,5,0,0,2,3,0,0,1,2,.357,.375,.786,1.161,181,11,1,0,0,1,0,/7
573,Alexei Ramirez,34,SDP,NL,12,46,42,3,10,1,0,0,2,1,2,3,8,.238,.304,.262,.566,55,11,0,1,0,0,0,*6
574,Erasmo Ramirez,26,TBR,AL,4,0,,,,,,,,,,,,,,,,,,,,,,,/1
575,Hanley Ramirez,32,BOS,AL,10,44,41,5,12,2,1,1,5,1,0,2,9,.293,.318,.463,.782,121,19,1,0,0,1,1,*/3D
Rk,Name,Age,Tm,Lg,G,PA,AB,R,H,2B,3B,HR,RBI,SB,CS,BB,SO,BA,OBP,SLG,OPS,OPS+,TB,GDP,HBP,SH,SF,IBB,Pos Summary
576,Jose Ramirez,26,ATL,NL,2,0,0,0,0,0,0,0,0,0,0,0,0,,,,,,0,0,0,0,0,0,/1
577,Jose Ramirez#,23,CLE,AL,7,28,28,5,9,2,0,1,3,0,0,0,4,.321,.321,.500,.821,129,14,0,0,0,0,0,/75
578,Neil Ramirez,27,CHC,NL,3,0,0,0,0,0,0,0,0,0,0,0,0,,,,,,0,0,0,0,0,0,/1
579,Noe Ramirez,26,BOS,AL,4,0,,,,,,,,,,,,,,,,,,,,,,,/1
580,A.J. Ramos,29,MIA,NL,3,0,0,0,0,0,0,0,0,0,0,0,0,,,,,,0,0,0,0,0,0,/1
581,Wilson Ramos,28,WSN,NL,9,36,36,3,14,3,0,1,5,0,0,0,5,.389,.389,.556,.944,146,20,0,0,0,0,0,*/2
582,Colby Rasmus*,29,HOU,AL,12,47,37,6,11,2,0,3,8,0,1,9,12,.297,.426,.595,1.020,190,22,2,0,0,1,0,*7/98
583,Cory Rasmus,28,LAA,AL,3,0,,,,,,,,,,,,,,,,,,,,,,,/1
584,Robbie Ray*,24,ARI,NL,2,5,5,0,0,0,0,0,0,0,0,0,4,.000,.000,.000,.000,-100,0,0,0,0,0,0,/1
585,Colin Rea,25,SDP,NL,4,5,3,1,0,0,0,0,0,0,0,1,2,.000,.250,.000,.250,-24,0,0,0,1,0,0,/1
586,J.T. Realmuto,25,MIA,NL,8,35,34,3,8,1,0,0,2,1,0,1,5,.235,.257,.265,.522,40,9,1,0,0,0,0,*/2
587,Josh Reddick*,29,OAK,AL,12,46,40,4,10,2,0,3,8,0,0,6,7,.250,.348,.525,.873,145,21,0,0,0,0,2,*9/D
588,Addison Reed*,27,NYM,NL,5,0,0,0,0,0,0,0,0,0,0,0,0,,,,,,0,0,0,0,0,0,/1
589,Nolan Reimold,32,BAL,AL,6,18,18,3,7,3,0,2,2,0,0,0,4,.389,.389,.889,1.278,247,16,2,0,0,0,0,/79
590,Anthony Rendon,26,WSN,NL,10,42,39,8,10,2,0,0,0,0,1,3,7,.256,.310,.308,.617,64,12,0,0,0,0,0,*5
591,Ben Revere*,28,WSN,NL,1,2,2,0,0,0,0,0,0,0,0,0,1,.000,.000,.000,.000,-100,0,0,0,0,0,0,/8
592,Mark Reynolds,32,COL,NL,8,28,25,4,7,3,0,0,3,0,0,3,8,.280,.357,.400,.757,90,10,1,0,0,0,1,*/3
593,Clayton Richard*,32,CHC,NL,2,0,0,0,0,0,0,0,0,0,0,0,0,,,,,,0,0,0,0,0,0,/1
594,Garrett Richards,28,LAA,AL,3,0,,,,,,,,,,,,,,,,,,,,,,,/1
595,Joey Rickard,25,BAL,AL,11,50,46,4,14,4,0,1,4,0,0,2,10,.304,.320,.457,.777,117,21,1,0,0,2,0,*/879
596,Yadiel Rivera,24,MIL,NL,5,15,14,2,3,2,0,0,0,0,0,1,4,.214,.267,.357,.624,65,5,2,0,0,0,0,/645
597,Felipe Rivero*,24,WSN,NL,5,0,0,0,0,0,0,0,0,0,0,0,0,,,,,,0,0,0,0,0,0,/1
598,Anthony Rizzo*,26,CHC,NL,11,50,40,8,8,0,1,3,11,1,0,9,10,.200,.360,.475,.835,122,19,1,1,0,0,2,*3
599,Tanner Roark,29,WSN,NL,2,3,2,0,0,0,0,0,0,0,0,0,0,.000,.000,.000,.000,-100,0,0,0,1,0,0,/1
600,David Robertson,31,CHW,AL,5,0,,,,,,,,,,,,,,,,,,,,,,,/1
Rk,Name,Age,Tm,Lg,G,PA,AB,R,H,2B,3B,HR,RBI,SB,CS,BB,SO,BA,OBP,SLG,OPS,OPS+,TB,GDP,HBP,SH,SF,IBB,Pos Summary
601,Clint Robinson*,31,WSN,NL,5,9,9,0,1,0,0,0,2,0,0,0,2,.111,.111,.111,.222,-41,1,0,0,0,0,0,/3
602,Hansel Robles,25,NYM,NL,5,1,1,0,0,0,0,0,0,0,0,0,0,.000,.000,.000,.000,-100,0,1,0,0,0,0,/1
603,Fernando Rodney,39,SDP,NL,4,0,0,0,0,0,0,0,0,0,0,0,0,,,,,,0,0,0,0,0,0,/1
604,Carlos Rodon*,23,CHW,AL,2,0,,,,,,,,,,,,,,,,,,,,,,,/1
605,Alex Rodriguez,40,NYY,AL,8,35,30,4,3,0,0,1,2,1,0,4,11,.100,.229,.200,.429,24,6,1,1,0,0,0,*/D
606,Fernando Rodriguez,32,OAK,AL,5,0,,,,,,,,,,,,,,,,,,,,,,,/1
607,Francisco Rodriguez,34,DET,AL,6,0,0,0,0,0,0,0,0,0,0,0,0,,,,,,0,0,0,0,0,0,/1
608,Sean Rodriguez,31,PIT,NL,8,9,5,1,2,1,0,0,2,0,0,4,2,.400,.667,.600,1.267,246,3,0,0,0,0,0,/35
609,Taylor Rogers*,25,MIN,AL,1,0,,,,,,,,,,,,,,,,,,,,,,,/1
610,Miguel Rojas,27,MIA,NL,5,6,5,0,2,0,0,0,0,0,0,1,1,.400,.500,.400,.900,146,2,0,0,0,0,0,/356
611,Jimmy Rollins#,37,CHW,AL,9,39,37,5,8,2,0,1,3,0,0,1,5,.216,.231,.351,.582,62,13,2,0,0,1,0,*/6
612,Enny Romero*,25,TBR,AL,3,0,,,,,,,,,,,,,,,,,,,,,,,/1
613,Andrew Romine#,30,DET,AL,5,6,5,0,1,0,0,0,0,0,0,1,2,.200,.333,.200,.533,50,1,0,0,0,0,0,/56
614,Austin Romine,27,NYY,AL,5,11,10,0,2,1,0,0,0,0,0,1,1,.200,.273,.300,.573,63,3,0,0,0,0,0,/2D
615,Sergio Romo,33,SFG,NL,4,0,0,0,0,0,0,0,0,0,0,0,0,,,,,,0,0,0,0,0,0,/1
616,Hector Rondon,28,CHC,NL,3,0,0,0,0,0,0,0,0,0,0,0,0,,,,,,0,0,0,0,0,0,/1
617,Adam Rosales,33,SDP,NL,5,16,16,1,3,1,0,0,2,0,0,0,3,.188,.188,.250,.438,17,4,0,0,0,0,0,/5
618,Eddie Rosario*,24,MIN,AL,11,40,36,3,5,2,0,0,1,1,0,3,11,.139,.205,.194,.400,16,7,0,0,1,0,1,*7/8
619,Trevor Rosenthal,26,STL,NL,4,1,1,0,0,0,0,0,0,0,0,0,1,.000,.000,.000,.000,-100,0,0,0,0,0,0,/1
620,David Ross,39,CHC,NL,4,16,12,4,3,1,0,0,1,0,0,3,3,.250,.375,.333,.708,93,4,0,0,0,1,0,/2
621,Joe Ross,23,WSN,NL,2,7,6,0,2,1,0,0,0,0,0,1,3,.333,.429,.500,.929,145,3,0,0,0,0,0,/1
622,Robbie Ross*,27,BOS,AL,3,0,,,,,,,,,,,,,,,,,,,,,,,/1
623,Tyson Ross,29,SDP,NL,1,1,1,0,0,0,0,0,0,0,0,0,1,.000,.000,.000,.000,-100,0,0,0,0,0,0,/1
624,Ryan Rua,26,TEX,AL,6,20,20,2,6,1,0,0,1,0,0,0,6,.300,.300,.350,.650,82,7,0,0,0,0,0,/379
625,Darin Ruf,29,PHI,NL,8,14,12,0,1,0,0,0,1,0,1,1,5,.083,.143,.083,.226,-37,1,1,0,0,1,0,/37
Rk,Name,Age,Tm,Lg,G,PA,AB,R,H,2B,3B,HR,RBI,SB,CS,BB,SO,BA,OBP,SLG,OPS,OPS+,TB,GDP,HBP,SH,SF,IBB,Pos Summary
626,Justin Ruggiano,34,TEX,AL,1,4,4,0,1,1,0,0,1,0,0,0,1,.250,.250,.500,.750,103,2,0,0,0,0,0,/7
627,Carlos Ruiz,37,PHI,NL,5,20,18,2,3,1,0,1,2,0,1,2,1,.167,.250,.389,.639,69,7,1,0,0,0,0,/2
628,Cameron Rupp,27,PHI,NL,7,27,27,2,7,2,0,1,1,0,0,0,10,.259,.259,.444,.704,85,12,0,0,0,0,0,*/2
629,Chris Rusin*,29,COL,NL,2,2,2,0,0,0,0,0,0,0,0,0,0,.000,.000,.000,.000,-100,0,0,0,0,0,0,/1
630,Addison Russell,22,CHC,NL,11,45,38,6,9,1,0,1,7,0,0,6,9,.237,.356,.342,.698,89,13,2,1,0,0,0,*6
631,James Russell*,30,PHI,NL,6,0,0,0,0,0,0,0,0,0,0,0,0,,,,,,0,0,0,0,0,0,/1
632,Kyle Ryan*,24,DET,AL,2,0,,,,,,,,,,,,,,,,,,,,,,,/1
633,Marc Rzepczynski*,30,OAK,AL,5,0,0,0,0,0,0,0,0,0,0,0,0,,,,,,0,0,0,0,0,0,/1
634,CC Sabathia*,35,NYY,AL,2,0,,,,,,,,,,,,,,,,,,,,,,,/1
635,Tyler Saladino,26,CHW,AL,4,8,7,1,3,0,0,0,2,0,0,0,1,.429,.375,.429,.804,128,3,0,0,0,1,0,/63
636,Fernando Salas,31,LAA,AL,7,0,,,,,,,,,,,,,,,,,,,,,,,*/1
637,Danny Salazar*,26,CLE,AL,2,0,,,,,,,,,,,,,,,,,,,,,,,/1
638,Chris Sale*,27,CHW,AL,3,0,,,,,,,,,,,,,,,,,,,,,,,/1
639,Jarrod Saltalamacchia#,31,DET,AL,6,24,22,3,5,2,0,3,10,0,0,2,9,.227,.292,.727,1.019,164,16,0,0,0,0,0,/2
640,Jeff Samardzija,31,SFG,NL,2,6,6,0,1,1,0,0,0,0,0,0,2,.167,.167,.333,.500,30,2,1,0,0,0,0,/1
641,Keyvius Sampson,25,CIN,NL,2,1,1,0,0,0,0,0,0,0,0,0,1,.000,.000,.000,.000,-100,0,0,0,0,0,0,/1
642,Aaron Sanchez,23,TOR,AL,2,0,,,,,,,,,,,,,,,,,,,,,,,/1
643,Anibal Sanchez,32,DET,AL,2,3,3,0,0,0,0,0,0,0,0,0,2,.000,.000,.000,.000,-100,0,0,0,0,0,0,/1
644,Pablo Sandoval#,29,BOS,AL,3,7,6,0,0,0,0,0,0,0,0,1,4,.000,.143,.000,.143,-54,0,0,0,0,0,0,/5
645,Jerry Sands,28,CHW,AL,4,7,7,1,2,0,0,1,2,0,0,0,3,.286,.286,.714,1.000,171,5,1,0,0,0,0,/D7
646,Miguel Sano,23,MIN,AL,11,42,35,2,5,1,0,0,2,0,0,7,17,.143,.286,.171,.457,36,6,0,0,0,0,0,*/9D
647,Carlos Santana#,30,CLE,AL,9,38,31,4,6,1,0,2,8,1,0,6,4,.194,.316,.419,.735,107,13,1,0,0,1,0,*/D3
648,Danny Santana#,25,MIN,AL,4,12,12,0,2,0,0,0,0,1,1,0,3,.167,.167,.167,.333,-4,2,0,0,0,0,0,/987
649,Domingo Santana,23,MIL,NL,11,50,44,5,11,4,0,1,7,0,0,6,11,.250,.340,.409,.749,100,18,1,0,0,0,0,*9
650,Ervin Santana,33,MIN,AL,3,0,,,,,,,,,,,,,,,,,,,,,,,/1
Rk,Name,Age,Tm,Lg,G,PA,AB,R,H,2B,3B,HR,RBI,SB,CS,BB,SO,BA,OBP,SLG,OPS,OPS+,TB,GDP,HBP,SH,SF,IBB,Pos Summary
651,Hector Santiago,28,LAA,AL,2,0,,,,,,,,,,,,,,,,,,,,,,,/1
652,Luis Sardinas#,23,SEA,AL,5,17,17,2,4,0,0,1,2,1,1,0,4,.235,.235,.412,.647,87,7,1,0,0,0,0,/3576
653,Michael Saunders*,29,TOR,AL,9,35,32,4,9,4,0,1,3,0,1,3,10,.281,.343,.500,.843,139,16,0,0,0,0,0,*/7
654,Rob Scahill*,29,PIT,NL,2,0,0,0,0,0,0,0,0,0,0,0,0,,,,,,0,0,0,0,0,0,/1
655,Scott Schebler*,25,CIN,NL,10,30,29,3,6,3,1,0,4,0,1,1,7,.207,.233,.379,.613,61,11,1,0,0,0,0,/78
656,Max Scherzer,31,WSN,NL,3,8,8,0,1,1,0,0,2,0,0,0,5,.125,.125,.250,.375,-4,2,0,0,0,0,0,/1
657,Jonathan Schoop,24,BAL,AL,11,41,39,4,11,4,0,3,8,0,0,2,7,.282,.317,.615,.932,156,24,1,0,0,0,0,*4
658,A.J. Schugel,27,PIT,NL,2,0,0,0,0,0,0,0,0,0,0,0,0,,,,,,0,0,0,0,0,0,/1
659,Kyle Schwarber*,23,CHC,NL,2,5,4,0,0,0,0,0,0,0,0,1,2,.000,.200,.000,.200,-40,0,0,0,0,0,0,/7
660,Corey Seager*,22,LAD,NL,11,48,45,7,12,4,0,1,6,0,0,2,7,.267,.292,.422,.714,90,19,2,0,0,1,1,*6
661,Kyle Seager*,28,SEA,AL,10,45,38,7,5,2,0,1,4,0,0,6,9,.132,.267,.263,.530,58,10,4,1,0,0,0,*5
662,Jean Segura,26,ARI,NL,12,52,48,6,16,3,1,3,6,2,1,2,5,.333,.385,.625,1.010,160,30,0,2,0,0,0,*4
663,Marcus Semien,25,OAK,AL,12,42,35,6,9,0,0,4,6,0,0,6,10,.257,.357,.600,.957,167,21,0,0,0,1,0,*6
664,Luis Severino,22,NYY,AL,2,0,,,,,,,,,,,,,,,,,,,,,,,/1
665,Bryan Shaw#,28,CLE,AL,4,0,,,,,,,,,,,,,,,,,,,,,,,/1
666,Travis Shaw*,26,BOS,AL,10,36,30,4,10,4,0,0,4,1,0,5,9,.333,.444,.467,.911,163,14,0,1,0,0,0,*/53
667,James Shields,34,SDP,NL,3,5,5,0,0,0,0,0,0,0,0,0,3,.000,.000,.000,.000,-100,0,0,0,0,0,0,/1
668,Matt Shoemaker,29,LAA,AL,2,0,,,,,,,,,,,,,,,,,,,,,,,/1
669,Chasen Shreve*,25,NYY,AL,5,0,,,,,,,,,,,,,,,,,,,,,,,/1
670,J.B. Shuck*,29,CHW,AL,4,11,9,0,0,0,0,0,0,0,0,1,2,.000,.100,.000,.100,-68,0,0,0,1,0,0,/97
671,Kevin Siegrist*,26,STL,NL,5,0,0,0,0,0,0,0,0,0,0,0,0,,,,,,0,0,0,0,0,0,/1
672,Andrelton Simmons,26,LAA,AL,11,42,42,1,10,2,0,0,2,0,0,0,2,.238,.238,.286,.524,54,12,5,0,0,0,0,*6
673,Alfredo Simon,35,CIN,NL,3,2,1,0,0,0,0,0,0,0,0,0,1,.000,.000,.000,.000,-100,0,0,0,1,0,0,/1
674,Tony Sipp*,32,HOU,AL,5,0,,,,,,,,,,,,,,,,,,,,,,,/1
675,Joe Smith,32,LAA,AL,6,0,,,,,,,,,,,,,,,,,,,,,,,/1
Rk,Name,Age,Tm,Lg,G,PA,AB,R,H,2B,3B,HR,RBI,SB,CS,BB,SO,BA,OBP,SLG,OPS,OPS+,TB,GDP,HBP,SH,SF,IBB,Pos Summary
676,Mallex Smith*,23,ATL,NL,6,21,19,3,2,1,0,0,0,2,2,2,8,.105,.190,.158,.348,-3,3,1,0,0,0,0,/8
677,Seth Smith*,33,SEA,AL,10,24,18,3,5,1,0,1,3,0,0,6,5,.278,.458,.500,.958,184,9,0,0,0,0,0,/D97
678,Justin Smoak#,29,TOR,AL,10,16,12,1,1,0,0,0,0,1,0,3,11,.083,.313,.083,.396,23,1,0,1,0,0,0,*/3
679,Drew Smyly*,27,TBR,AL,2,0,,,,,,,,,,,,,,,,,,,,,,,/1
680,Yangervis Solarte#,28,SDP,NL,5,19,16,0,6,3,0,0,4,0,0,3,3,.375,.474,.563,1.036,179,9,0,0,0,0,0,/5
681,Jorge Soler,24,CHC,NL,11,39,32,7,8,0,0,2,5,0,0,4,7,.250,.333,.438,.771,105,14,0,1,0,2,0,*/7D
682,Joakim Soria,32,KCR,AL,6,0,,,,,,,,,,,,,,,,,,,,,,,/1
683,Geovany Soto,33,LAA,AL,5,15,13,4,4,0,0,1,2,0,0,2,2,.308,.400,.538,.938,174,7,1,0,0,0,0,/2
684,Steven Souza,27,TBR,AL,10,36,34,5,10,1,0,3,6,0,0,2,13,.294,.333,.588,.922,160,20,1,0,0,0,0,*/9D
685,Denard Span*,32,SFG,NL,11,48,45,8,11,2,0,1,9,2,0,2,3,.244,.271,.356,.626,67,16,0,0,0,1,0,*8
686,Cory Spangenberg*,25,SDP,NL,12,47,43,5,9,1,1,1,8,1,0,3,11,.209,.277,.349,.625,68,15,0,1,0,0,0,*4
687,George Springer,26,HOU,AL,12,52,48,5,12,0,1,2,7,1,1,4,15,.250,.308,.417,.724,107,20,0,0,0,0,0,*9
688,Giancarlo Stanton,26,MIA,NL,9,42,35,5,8,0,0,2,7,0,0,6,13,.229,.333,.400,.733,96,14,0,0,0,1,0,*/9
689,Robert Stephenson,23,CIN,NL,1,2,1,0,0,0,0,0,0,0,0,0,1,.000,.000,.000,.000,-100,0,0,0,1,0,0,/1
690,Chris Stewart,34,PIT,NL,2,8,8,1,2,0,0,1,1,0,0,0,1,.250,.250,.625,.875,126,5,0,0,0,0,0,/2
691,Drew Storen#,28,TOR,AL,4,0,,,,,,,,,,,,,,,,,,,,,,,/1
692,Trevor Story,23,COL,NL,11,51,48,12,14,1,2,7,13,0,0,2,20,.292,.314,.833,1.147,174,40,0,0,0,1,0,*6
693,Dan Straily,27,CIN,NL,3,2,1,0,0,0,0,0,0,0,0,0,0,.000,.000,.000,.000,-100,0,0,0,1,0,0,/1
694,Stephen Strasburg,27,WSN,NL,2,5,5,1,0,0,0,0,0,0,0,0,3,.000,.000,.000,.000,-100,0,0,0,0,0,0,/1
695,Huston Street,32,LAA,AL,5,0,0,0,0,0,0,0,0,0,0,0,0,,,,,,0,0,0,0,0,0,/1
696,Hunter Strickland,27,SFG,NL,5,0,0,0,0,0,0,0,0,0,0,0,0,,,,,,0,0,0,0,0,0,/1
697,Ross Stripling,26,LAD,NL,2,5,5,0,0,0,0,0,0,0,0,0,3,.000,.000,.000,.000,-100,0,0,0,0,0,0,/1
698,Marcus Stroman,25,TOR,AL,3,0,,,,,,,,,,,,,,,,,,,,,,,/1
699,Pedro Strop,31,CHC,NL,5,1,1,0,0,0,0,0,0,0,0,0,0,.000,.000,.000,.000,-100,0,0,0,0,0,0,/1
700,Drew Stubbs,31,ATL,NL,7,18,16,2,3,0,0,1,3,2,0,2,10,.188,.278,.375,.653,77,6,1,0,0,0,0,/87
Rk,Name,Age,Tm,Lg,G,PA,AB,R,H,2B,3B,HR,RBI,SB,CS,BB,SO,BA,OBP,SLG,OPS,OPS+,TB,GDP,HBP,SH,SF,IBB,Pos Summary
701,Daniel Stumpf*,25,PHI,NL,3,0,0,0,0,0,0,0,0,0,0,0,0,,,,,,0,0,0,0,0,0,/1
702,Eugenio Suarez,24,CIN,NL,11,47,43,11,14,1,0,4,10,2,0,4,7,.326,.383,.628,1.011,166,27,1,0,0,0,0,*5/6
703,Eric Surkamp*,28,OAK,AL,2,0,,,,,,,,,,,,,,,,,,,,,,,/1
704,Ichiro Suzuki*,42,MIA,NL,5,7,7,0,2,1,0,0,0,0,0,0,0,.286,.286,.429,.714,88,3,0,0,0,0,0,/89
705,Kurt Suzuki,32,MIN,AL,7,26,23,0,2,1,1,0,2,0,0,2,4,.087,.154,.217,.371,5,5,0,0,0,1,0,*/2
706,Blake Swihart#,24,BOS,AL,6,23,18,2,5,0,0,0,1,0,1,4,3,.278,.391,.278,.669,97,5,0,0,0,1,0,/2
707,Noah Syndergaard*,23,NYM,NL,2,2,1,0,0,0,0,0,0,0,0,0,1,.000,.000,.000,.000,-100,0,0,0,1,0,0,/1
708,Matt Szczur,26,CHC,NL,9,16,13,5,5,1,0,1,5,1,0,3,1,.385,.500,.692,1.192,217,9,0,0,0,0,0,*/789
709,Masahiro Tanaka,27,NYY,AL,2,0,,,,,,,,,,,,,,,,,,,,,,,/1
710,Michael Taylor,25,WSN,NL,9,41,39,3,6,0,0,1,2,2,0,1,12,.154,.171,.231,.402,5,9,0,0,0,1,0,*/8
711,Junichi Tazawa,30,BOS,AL,6,0,,,,,,,,,,,,,,,,,,,,,,,/1
712,Julio Teheran,25,ATL,NL,3,5,4,0,0,0,0,0,0,0,0,0,2,.000,.000,.000,.000,-100,0,0,0,1,0,0,/1
713,Mark Teixeira#,36,NYY,AL,10,43,35,7,7,0,0,3,8,0,0,8,10,.200,.349,.457,.806,127,16,0,0,0,0,0,*/3D
714,Josh Thole*,29,TOR,AL,4,9,9,1,1,0,0,1,1,0,0,0,3,.111,.111,.444,.556,50,4,0,0,0,0,0,/2
715,Trayce Thompson,25,LAD,NL,11,25,23,3,7,2,0,0,3,0,0,2,6,.304,.360,.391,.751,103,9,0,0,0,0,0,*/789
716,Tyler Thornburg,27,MIL,NL,5,0,0,0,0,0,0,0,0,0,0,0,0,,,,,,0,0,0,0,0,0,/1
717,Chris Tillman,28,BAL,AL,3,0,,,,,,,,,,,,,,,,,,,,,,,/1
718,Shawn Tolleson,28,TEX,AL,6,0,,,,,,,,,,,,,,,,,,,,,,,/1
719,Yasmany Tomas,25,ARI,NL,9,37,33,4,8,4,0,0,4,0,0,3,9,.242,.297,.364,.661,73,12,2,0,0,1,0,*/7
720,Josh Tomlin,31,CLE,AL,1,0,,,,,,,,,,,,,,,,,,,,,,,
721,Kelby Tomlinson,26,SFG,NL,5,12,12,1,2,0,0,0,0,0,0,0,3,.167,.167,.167,.333,-10,2,0,0,0,0,0,/46
722,Michael Tonkin,26,MIN,AL,2,0,,,,,,,,,,,,,,,,,,,,,,,/1
723,Carlos Torres,33,MIL,NL,4,0,0,0,0,0,0,0,0,0,0,0,0,,,,,,0,0,0,0,0,0,/1
724,Ronald Torreyes,23,NYY,AL,3,9,9,3,6,1,1,0,2,0,0,0,1,.667,.667,1.000,1.667,366,9,0,0,0,0,0,/56
725,Blake Treinen,28,WSN,NL,4,0,0,0,0,0,0,0,0,0,0,0,0,,,,,,0,0,0,0,0,0,/1
Rk,Name,Age,Tm,Lg,G,PA,AB,R,H,2B,3B,HR,RBI,SB,CS,BB,SO,BA,OBP,SLG,OPS,OPS+,TB,GDP,HBP,SH,SF,IBB,Pos Summary
726,Nick Tropeano,25,LAA,AL,1,0,,,,,,,,,,,,,,,,,,,,,,,/1
727,Mike Trout,24,LAA,AL,11,46,39,4,9,2,0,1,4,1,0,6,12,.231,.326,.359,.685,102,14,0,0,0,1,1,*8
728,Mark Trumbo,30,BAL,AL,11,46,44,10,17,1,0,5,11,1,0,1,8,.386,.413,.750,1.163,220,33,1,1,0,0,0,*/9D7
729,Preston Tucker*,25,HOU,AL,10,28,26,4,7,3,0,2,3,0,0,2,9,.269,.321,.615,.937,162,16,0,0,0,0,0,*/D7
730,Troy Tulowitzki,31,TOR,AL,12,49,42,3,5,0,0,2,5,0,0,5,14,.119,.224,.262,.486,40,11,1,1,0,1,0,*6
731,Justin Turner,31,LAD,NL,11,46,41,7,11,3,1,0,4,0,0,1,6,.268,.326,.390,.716,93,16,1,3,0,1,0,*5
732,Koji Uehara,41,BOS,AL,7,0,,,,,,,,,,,,,,,,,,,,,,,*/1
733,Justin Upton,28,DET,AL,10,47,46,6,12,3,0,1,2,0,0,1,18,.261,.277,.391,.668,79,18,2,0,0,0,0,*7
734,Melvin Upton,31,SDP,NL,12,44,41,7,12,1,0,2,4,3,2,3,9,.293,.341,.463,.804,115,19,0,0,0,0,0,*7
735,Juan Uribe,37,CLE,AL,8,30,25,0,5,1,0,0,2,0,0,4,6,.200,.300,.240,.540,57,6,0,0,0,1,0,*/5
736,Chase Utley*,37,LAD,NL,10,41,36,5,11,3,1,0,3,0,0,3,4,.306,.390,.444,.835,125,16,0,2,0,0,0,*4/5
737,Luis Valbuena*,30,HOU,AL,11,37,33,3,6,2,0,0,3,0,0,4,8,.182,.270,.242,.513,50,8,0,0,0,0,0,*5
738,Danny Valencia,31,OAK,AL,11,44,40,4,11,1,0,0,2,0,0,4,6,.275,.341,.300,.641,86,12,2,0,0,0,0,*5
739,Scott Van Slyke,29,LAD,NL,4,10,9,0,1,1,0,0,2,0,0,0,1,.111,.200,.222,.422,14,2,0,1,0,0,0,/73
740,Christian Vazquez,25,BOS,AL,2,7,7,2,3,1,0,0,0,0,0,0,1,.429,.429,.571,1.000,184,4,1,0,0,0,0,/2
741,Vincent Velasquez#,24,PHI,NL,2,5,5,0,1,0,0,0,0,0,0,0,4,.200,.200,.200,.400,8,1,0,0,0,0,0,/1
742,Pat Venditte#,31,TOR,AL,2,0,,,,,,,,,,,,,,,,,,,,,,,/1
743,Yordano Ventura,25,KCR,AL,2,0,,,,,,,,,,,,,,,,,,,,,,,/1
744,Drew VerHagen,25,DET,AL,6,0,0,0,0,0,0,0,0,0,0,0,0,,,,,,0,0,0,0,0,0,/1
745,Justin Verlander,33,DET,AL,3,3,3,1,1,0,0,0,0,0,0,0,1,.333,.333,.333,.667,82,1,0,0,0,0,0,/1
746,Logan Verrett,26,NYM,NL,2,2,1,0,0,0,0,0,0,0,0,0,1,.000,.000,.000,.000,-100,0,0,0,1,0,0,/1
747,Carlos Villanueva,32,SDP,NL,6,1,1,0,0,0,0,0,0,0,0,0,1,.000,.000,.000,.000,-100,0,0,0,0,0,0,/1
748,Jonathan Villar#,25,MIL,NL,9,36,29,4,8,2,0,1,2,1,1,6,10,.276,.417,.448,.865,132,13,1,1,0,0,0,*/6
749,Nick Vincent,29,SEA,AL,5,0,,,,,,,,,,,,,,,,,,,,,,,/1
750,Arodys Vizcaino,25,ATL,NL,5,0,0,0,0,0,0,0,0,0,0,0,0,,,,,,0,0,0,0,0,0,/1
Rk,Name,Age,Tm,Lg,G,PA,AB,R,H,2B,3B,HR,RBI,SB,CS,BB,SO,BA,OBP,SLG,OPS,OPS+,TB,GDP,HBP,SH,SF,IBB,Pos Summary
751,Ryan Vogelsong,38,PIT,NL,2,1,1,0,0,0,0,0,0,0,0,0,1,.000,.000,.000,.000,-100,0,0,0,0,0,0,/1
752,Stephen Vogt*,31,OAK,AL,11,39,37,5,11,2,0,2,3,0,0,1,8,.297,.333,.514,.847,138,19,0,1,0,0,0,*/2D
753,Edinson Volquez,32,KCR,AL,3,0,,,,,,,,,,,,,,,,,,,,,,,/1
754,Joey Votto*,32,CIN,NL,11,47,41,5,10,1,0,1,6,0,0,6,8,.244,.340,.341,.682,84,14,3,0,0,0,1,*3
755,Michael Wacha,24,STL,NL,2,5,4,0,0,0,0,0,0,0,0,0,1,.000,.000,.000,.000,-100,0,0,0,1,0,0,/1
756,Adam Wainwright,34,STL,NL,3,6,5,0,0,0,0,0,0,0,0,0,2,.000,.000,.000,.000,-100,0,0,0,1,0,0,/1
757,Neil Walker#,30,NYM,NL,10,40,40,5,10,0,0,3,8,0,0,0,12,.250,.250,.475,.725,94,19,0,0,0,0,0,*4
758,Taijuan Walker,23,SEA,AL,2,0,,,,,,,,,,,,,,,,,,,,,,,/1
759,Brett Wallace*,29,SDP,NL,7,14,13,0,1,0,0,0,1,0,0,1,6,.077,.143,.077,.220,-38,1,0,0,0,0,1,/35
760,Colin Walsh#,26,MIL,NL,10,13,9,0,0,0,0,0,0,0,0,4,2,.000,.308,.000,.308,-8,0,0,0,0,0,0,/57
761,Chien-Ming Wang,36,KCR,AL,2,0,,,,,,,,,,,,,,,,,,,,,,,/1
762,Adam Warren,28,CHC,NL,2,1,1,0,0,0,0,0,0,0,0,0,1,.000,.000,.000,.000,-100,0,0,0,0,0,0,/1
763,Tony Watson*,31,PIT,NL,7,0,0,0,0,0,0,0,0,0,0,0,0,,,,,,0,0,0,0,0,0,*/1
764,Jered Weaver,33,LAA,AL,2,0,,,,,,,,,,,,,,,,,,,,,,,/1
765,Ryan Webb,30,TBR,AL,3,0,,,,,,,,,,,,,,,,,,,,,,,/1
766,Rickie Weeks,33,ARI,NL,7,7,7,2,2,1,0,0,0,0,0,0,3,.286,.286,.429,.714,85,3,0,0,0,0,0,
767,Jayson Werth,37,WSN,NL,9,36,31,4,5,2,0,1,6,0,0,5,8,.161,.278,.323,.600,58,10,0,0,0,0,0,*/7
768,Tyler White,25,HOU,AL,12,45,38,4,15,3,0,4,11,0,0,5,12,.395,.467,.789,1.256,253,30,1,1,0,1,0,*3/D
769,Matt Wieters#,30,BAL,AL,8,34,30,1,7,2,0,0,6,0,0,4,9,.233,.324,.300,.624,79,9,2,0,0,0,0,*/2D
770,Tom Wilhelmsen,32,TEX,AL,5,0,,,,,,,,,,,,,,,,,,,,,,,/1
771,Mac Williamson,25,SFG,NL,1,1,1,0,0,0,0,0,0,0,0,0,0,.000,.000,.000,.000,-100,0,0,0,0,0,0,
772,Bobby Wilson,33,DET,AL,1,4,3,0,0,0,0,0,1,0,0,0,0,.000,.000,.000,.000,-100,0,0,0,0,1,0,/2
773,Justin Wilson*,28,DET,AL,6,0,0,0,0,0,0,0,0,0,0,0,0,,,,,,0,0,0,0,0,0,/1
774,Tyler Wilson,26,BAL,AL,2,0,,,,,,,,,,,,,,,,,,,,,,,/1
775,Daniel Winkler,26,ATL,NL,3,0,0,0,0,0,0,0,0,0,0,0,0,,,,,,0,0,0,0,0,0,/1
Rk,Name,Age,Tm,Lg,G,PA,AB,R,H,2B,3B,HR,RBI,SB,CS,BB,SO,BA,OBP,SLG,OPS,OPS+,TB,GDP,HBP,SH,SF,IBB,Pos Summary
776,Matt Wisler,23,ATL,NL,2,5,4,1,1,0,0,0,0,0,0,0,1,.250,.250,.250,.500,38,1,0,0,1,0,0,/1
777,Chris Withrow,27,ATL,NL,5,0,0,0,0,0,0,0,0,0,0,0,0,,,,,,0,0,0,0,0,0,/1
778,Tony Wolters*,24,COL,NL,5,14,12,3,4,0,0,0,1,3,0,2,2,.333,.429,.333,.762,95,4,0,0,0,0,0,/2
779,Kolten Wong*,25,STL,NL,10,40,35,6,7,0,0,0,2,0,0,2,7,.200,.250,.200,.450,23,7,0,1,0,2,0,*/4
780,Alex Wood,25,LAD,NL,2,6,6,0,0,0,0,0,1,0,0,0,5,.000,.000,.000,.000,-100,0,0,0,0,0,0,/1
781,Blake Wood,30,CIN,NL,6,0,0,0,0,0,0,0,0,0,0,0,0,,,,,,0,0,0,0,0,0,/1
782,Travis Wood,29,CHC,NL,6,0,0,0,0,0,0,0,0,0,0,0,0,,,,,,0,0,0,0,0,0,/1
783,Vance Worley,28,BAL,AL,2,0,,,,,,,,,,,,,,,,,,,,,,,/1
784,David Wright,33,NYM,NL,9,42,33,4,9,3,0,0,0,2,0,9,12,.273,.429,.364,.792,122,12,0,0,0,0,0,*/5
785,Mike Wright,26,BAL,AL,1,0,,,,,,,,,,,,,,,,,,,,,,,/1
786,Steven Wright,31,BOS,AL,1,0,,,,,,,,,,,,,,,,,,,,,,,/1
787,Kirby Yates*,29,NYY,AL,4,0,,,,,,,,,,,,,,,,,,,,,,,/1
788,Christian Yelich*,24,MIA,NL,9,42,30,6,12,3,0,1,4,1,1,10,7,.400,.548,.600,1.148,208,18,1,1,0,1,0,*/7
789,Chris Young,32,BOS,AL,5,8,8,1,1,1,0,0,0,0,0,0,4,.125,.125,.250,.375,4,2,0,0,0,0,0,/7
790,Chris Young,37,KCR,AL,3,0,,,,,,,,,,,,,,,,,,,,,,,/1
791,Brad Ziegler,36,ARI,NL,6,0,0,0,0,0,0,0,0,0,0,0,0,,,,,,0,0,0,0,0,0,/1
792,Ryan Zimmerman,31,WSN,NL,8,36,31,8,8,2,0,0,2,0,0,4,8,.258,.333,.323,.656,75,10,0,0,0,1,0,*/3
793,Jordan Zimmermann,30,DET,AL,2,2,2,0,1,0,0,0,0,0,0,0,1,.500,.500,.500,1.000,173,1,0,0,0,0,0,/1
794,Ben Zobrist#,35,CHC,NL,10,47,38,7,9,2,0,0,4,1,0,8,7,.237,.362,.289,.651,78,11,3,0,0,1,0,*4
795,Tony Zych,25,SEA,AL,5,0,,,,,,,,,,,,,,,,,,,,,,,/1
,LgAvg per 600 PA,,,,229,600,537,68,133,27,3,17,65,8,4,51,130,.248,.317,.401,.718,,215,11,5,2,4,3
